country,founded,id,industry,linkedin_url,locality,name,region,size,website
brazil,2018,DkCc3i5r6rNea0Qlzz32IwJ4yhpr,construction,linkedin.com/company/energeth-engenharia,sao paulo,energeth engenharia,são paulo,11-50,
brazil,,e2LRKZhrYvhRS7F2howljgBrtdJY,construction,linkedin.com/company/vamaj-construtora-imobiliária-em-campo-largo,campo largo,"vamaj construtora, imobiliária em campo largo",paraná,1-10,vamaj.eng.br
brazil,1999,RFC00ZE7JLOsHx4eBTCopwyzrzgB,construction,linkedin.com/company/mude-construtora-e-incorporadora,sao paulo,mude construtora e incorporadora,são paulo,11-50,mudeconstrutora.com
brazil,,iun0bCXClKrylMG0cL4GHQDofAa9,construction,linkedin.com/company/dk-artesiano,poço branco,dk artesiano,rio grande do norte,1-10,pocos-semi-artesiano.ueniweb.com
brazil,2004,m3kFyxh4SaW81zfSkLeiJgdMntIr,construction,linkedin.com/company/mlarquacessibilidade,niterói,márcia lamas arquitetura e acessibilidade,rio de janeiro,1-10,sites.google.com/view/mlarquiteturavarejo
brazil,,DYhwogIJCQRj8kYz6T98PQHVi2Ua,construction,linkedin.com/company/construtora-e-incorporadora-espaco-r2,salvador,construtora e incorporadora espaco r2,bahia,51-200,espacor2.com.br
brazil,,CZ83uFSmE3SurZTBC6aSjQar1x6T,construction,linkedin.com/company/mav-engenharia,,mav engenharia,são paulo,1-10,mavengenharia.com.br
brazil,,gUSSSFBTS7PZLyoLjalvUghfjEfz,construction,linkedin.com/company/bom-ar-climatização,camboriú,bom ar climatização,santa catarina,1-10,bom-ar-climatizacao-hvac-contractor.negocio.site
brazil,2006,3eK80pzw974ubVuXbNf6jgZsIeyG,construction,linkedin.com/company/esdras-construtora,são josé dos campos,esdras construtora,são paulo,11-50,esdrasconstrutora.com.br
brazil,,GxKkOn6rAwzX3vGjfTZC5QdkpACx,construction,linkedin.com/company/arealle-construtora-e-incorporadora,campina,arealle construtora e incorporadora,rio grande do sul,1-10,
brazil,,iCB6cj6TlwidXK9TSsC6OghIz3h2,construction,linkedin.com/company/alumstar-comercial,americana,alumstar comercial,são paulo,1-10,
brazil,,LfCWEwC36GbheRCunmn6OwGnvjXm,construction,linkedin.com/company/grupo-tomazelli,gramado,grupo tomazelli,rio grande do sul,11-50,grupotomazelli.com.br
brazil,1982,2y51YsiJkEb6OdGAz4MY6QQT4npG,construction,linkedin.com/company/pred-fort-serviços-reformas-e-climatização,santos,"pred fort serviços, reformas e climatização.",são paulo,1-10,facebook.com/predfortservicos
brazil,2013,GuKLjyhP6Q36bpwFkNHVlgxVud1k,construction,linkedin.com/company/millaconstrutora,belo horizonte,milla construtora,minas gerais,1-10,millaconstrutora.com.br
brazil,1990,S8uJUPfNjLvlT7OKm4bfPgBT34O0,construction,linkedin.com/company/jj-instalações-e-manutenções-akm-eireli,são josé do rio prêto,jj construções e instalações,são paulo,11-50,
brazil,,uaOTf30BgxgiexNwaicf1QSq1cAZ,construction,linkedin.com/company/concena-construcoes-e-servicos,vitória,concena construcoes e servicos,espírito santo,51-200,concena.com.br
brazil,2022,cCeHDQgCzbYEBvH9jUYNyA0ieDXJ,construction,linkedin.com/company/zapi-soluções-construtivas,três rios,zapi soluções construtivas,rio de janeiro,201-500,zapisolucoes.com.br
brazil,1996,fhV5AYU0GnpqfNjXOihRhQ10woK3,construction,linkedin.com/company/prumoconstrucoesltda,capão bonito,prumo construções ltda,são paulo,11-50,
brazil,2020,E61SfO41ecv6BZBt0BCd9gARICzN,construction,linkedin.com/company/sis-soluçoes-inteligentes,caxias do sul,sis soluçoes inteligentes,rio grande do sul,1-10,
brazil,,FJPkcN7pnCw4vCRW6qX95Aoa5zD5,construction,linkedin.com/company/drs-construtora,,drs construtora,,1-10,drsconstrutora.com
brazil,1952,MhsfELSLaKp14Wh99suMKQCj7Ry4,construction,linkedin.com/company/construtora-adolpho-lindenberg,sao paulo,construtora adolpho lindenberg,são paulo,51-200,grupoldi.com.br
brazil,,kHBYQDiKkpDfUoxkRctalQhM9yHp,construction,linkedin.com/company/empresa-guararapes,jaboatão dos guararapes,empresa guararapes,pernambuco,201-500,empresaguararapes.com.br
brazil,,fxpxZ3ZCUHhhbxflCxrUhQeVr8c5,construction,linkedin.com/company/bella-roza-rochas-naturais,jardim real,bella roza rochas naturais,são paulo,1-10,bellarozarochasnaturais.com.br
brazil,,yhPsKCT1wAvLZ0DgM98bWwlEWKIP,construction,linkedin.com/company/shaft-industria-e-comercio,rio de janeiro,shaft industria e comercio,rio de janeiro,1-10,
brazil,,OSvAChSFr5z0y2M6d9AVKQgfCNwJ,construction,linkedin.com/company/elecom-system,pinheiral,elecom system,rio de janeiro,51-200,elecomsystem.com.br
brazil,,WA9Bl2tNDvjUDhlgXECv3gel5zEw,construction,linkedin.com/company/m.-prado-restauracoes-reformas-e-acabamentos,sao paulo,"m. prado restauracoes, reformas e acabamentos",são paulo,1-10,tacoseassoalhos.com.br
brazil,,TvTIrtajXdX8qPM2YciENAWL65jJ,construction,linkedin.com/company/azimuteincorporadora,três lagoas,azimute incorporadora,mato grosso do sul,11-50,azimuteincorporadora.com.br
brazil,2015,sBB05PBk9WBlfrbtw8C1qQ1o2rf5,construction,linkedin.com/company/el-shaday-engenharia,rio de janeiro,el shaday engenharia,rio de janeiro,11-50,elshadayengenharia.com
brazil,,VH9EfNBhArsoDTaxgC4FQQWciluF,construction,linkedin.com/company/acbr-construtora-e-empreendimentos-imobiliários-ltda,porto belo,acbr construtora e empreendimentos imobiliários ltda,santa catarina,1-10,acbrconstrutora.com.br
brazil,,wF1xUzEQRC8gqPkzVad6jAqSeHZV,construction,linkedin.com/company/huller-seguranca-eletronica-me,porto alegre,huller seguranca eletronica me,rio grande do sul,1-10,
brazil,,ONygpXEP7bpfFhjqfraGjgyKu3Hb,construction,linkedin.com/company/vōrtica-by-gr,santa maria,vōrtica by gr,rio grande do sul,11-50,
brazil,,VEiVVUJAt4pY9Ch6gdcC5wHOtS1Z,construction,linkedin.com/company/kadosh-móveis-planejados,são josé do campestre,kadosh móveis planejados,rio grande do norte,1-10,kadosh-moveis-planejados.negocio.site
brazil,,fxejm4Ae8T4JM53jrZezyQC9topF,construction,linkedin.com/company/construtora-fabrimar,ribeirão das neves,construtora fabrimar,minas gerais,1-10,construtorafabrimar.vitrinevirtual.net
brazil,,v8YnESOT8ymjguBs65RBNwYgbHC0,construction,linkedin.com/company/colore-pinturas,são josé,colore pinturas,santa catarina,1-10,
brazil,1993,QC656C40d0DRifyYfJXpUQv55ccn,construction,linkedin.com/company/concrexap-serviços-concretagem,chapecó,concrexap serviços concretagem,santa catarina,51-200,concrexap.com.br
brazil,,g56sVtCYKcvSLo3CJET6ngS7Naea,construction,linkedin.com/company/super-base-engenharia---engenharia-civil,salvador,super base engenharia - engenharia civil,bahia,1-10,superbaseengenharia.com.br
brazil,,uUiNInQoPoOJh5QEGoatkwonWowm,construction,linkedin.com/company/frio-rio,rio de janeiro,frio rio,rio de janeiro,1-10,
brazil,,Nm53WPeERZU9SKRLuQP6QgdIG2Wc,construction,linkedin.com/company/tekron-engenharia-e-construções,barra da tijuca,tekron engenharia e construções,rio de janeiro,1-10,tekron.com.br
brazil,,1FLgq1kkaMJP8fh2CxW5Bg3o8OrC,construction,linkedin.com/company/elshadai-eletrônica,colombo,elshadai eletrônica,paraná,1-10,elshadaieletronica.com.br
brazil,,SfLhl49vAoT538k991blUAqj2LeI,construction,linkedin.com/company/braz-fonseca-arquiteto-urbanista,bragança paulista,braz fonseca arquiteto urbanista,são paulo,1-10,brazfonseca.com.br
brazil,,xBrTukS1ECYYGVlQrf46IAwWwBe2,construction,linkedin.com/company/engecons-engenharia-e-construção,franco da rocha,engecons engenharia e construção,são paulo,1-10,engecons.com
brazil,,G0oI7x4jafM22Yl5YBnaUgqd4G0B,construction,linkedin.com/company/conare-construcao-arquitetura-e-reformas,,conare construcao arquitetura e reformas,rio de janeiro,1-10,
brazil,2003,d1gEEdnJqWJKB3CStgZcSAvolpye,construction,linkedin.com/company/caprem-construtora-rio-claro,rio claro,caprem construtora,são paulo,501-1000,caprem.com.br
brazil,2011,zpnIkllLG6Qn0iJoXyHquQ9uCc7P,construction,linkedin.com/company/powerchina-brasil,,powerchina international brasil,são paulo,1001-5000,powerchina.com.br
brazil,,j4JrylPx1Pt9kO7R80XyxAmroR6m,construction,linkedin.com/company/vivas-engenharia,santa cruz das palmeiras,vivas engenharia,são paulo,1-10,vivasengenharia.com.br
brazil,2018,DCC6BvsyBsX6W4tBeHsTHwbp2bdB,construction,linkedin.com/company/só-garagens,belo horizonte,só garagens,minas gerais,11-50,sogaragens.com.br
brazil,,LWDbvAJTO6knuJ8fUaom0AIDmENF,construction,linkedin.com/company/big-line-telecom,cidade martins,big line telecom,são paulo,1-10,biglinetelecom.com.br
brazil,2007,Aa4Emd1ksLxLoDYNUQOmwgYH3jSU,construction,linkedin.com/company/japengenharia,londrina,grupo jap engenharia,paraná,51-200,japengenharia.com.br
brazil,2012,CW5A6DJTBgsLYMIdncfCYQLNp9pa,construction,linkedin.com/company/mockuparquitetura,,mockup arquitetura e obras,são paulo,1-10,mockuparquitetura.com.br
brazil,,UaRx8lnzMzqJDFUpXaqIBQaCy36k,construction,linkedin.com/company/aclimar---instalação-e-manutenção-de-ar-condicionado,boa esperança,aclimar - instalação e manutenção de ar condicionado,minas gerais,1-10,aclimar-air-conditioning-repair-service.business.site
brazil,,nh1UQccsECPI9kqGN8ahxQL5Sb6w,construction,linkedin.com/company/faurtil,tietê,faurtil,são paulo,1-10,faurtil.com.br
brazil,,7Q5kp8kVTPC4LghV9WfqVQGW1Qsq,construction,linkedin.com/company/altec-revestimentos,santa rosa,altec revestimentos,rio grande do sul,1-10,altec-revestimentos.negocio.site
brazil,,uHQtMqKzalIKTEaOCCrL1wpKvhGe,construction,linkedin.com/company/guanabara-pintura-e-serviços,flamengo,guanabara pintura e serviços,rio de janeiro,1-10,guanabarapinturas.com.br
brazil,2017,ngOlhrBr9KDs2OitB2neQQxufGA6,construction,linkedin.com/company/lite-engenharia,belo horizonte,lite engenharia,minas gerais,1-10,liteengenharia.com.br
brazil,,Fs8FCVq6sRcdgSXoyldGvgCnz3w3,construction,linkedin.com/company/atuare,porto alegre,atuare,rio grande do sul,1-10,
brazil,1987,sXa79OHygiRBFS4cqt1YBQ97CTpD,construction,linkedin.com/company/pre-forte,itabirito,preforte | soluções para construção civil,minas gerais,1-10,construtoraelmo.com
brazil,,UXokFBXY8uYCRvJAjCNE0g0FLUhj,construction,linkedin.com/company/sinduscon,,sinduscon,,1-10,sinduscongoias.com.br
brazil,,M7gCEKE0J2TCfV1q6HLRpgTvFzCh,construction,linkedin.com/company/mar-brasil,praia grande,mar brasil,são paulo,51-200,
brazil,1973,UXnrcVu4k3DBca8qBguWAAR5q2dh,construction,linkedin.com/company/pb-construções,fortaleza,grupo pb construções,ceará,201-500,pbconstrucoes.com
brazil,,MeEMhtB3OfozZRCsa6scmQP9qXSj,construction,linkedin.com/company/espaco-certo,jundiaí,espaco certo,são paulo,51-200,espacocerto.com.br
brazil,,iJCcGU7dwwCkMBWoFffBfgjOylrt,construction,linkedin.com/company/aldoni-placas---artigos-para-madereiras,itapema,aldoni placas - artigos para madereiras,santa catarina,1-10,aldoni.com.br
brazil,,FLBuC63loeG7a9Vrk3diygvf34Qx,construction,linkedin.com/company/la-bella-fruta,centro,la bella fruta,são paulo,1-10,labellafruta.negocio.site
brazil,,mP1JHqunNgsdiuufKlGuBQjaG94s,construction,linkedin.com/company/sos-eletricista,joão pessoa,sos eletricista,paraíba,1-10,eletricistasosjoaopessoa.com
brazil,,NrMBm0mTGkpl2mpnwsQMgwAZb50W,construction,linkedin.com/company/construtora-davila,bela vista,construtora davila,mato grosso do sul,1-10,construtoradavila.com.br
brazil,,B9789WCwCCfUPZPZIZUSGQINU0BS,construction,linkedin.com/company/rmw-empreendimentos-ltda,ribeirao preto,rmw empreendimentos ltda,são paulo,51-200,rmw-rp.com.br
brazil,,0pMCRwhKeDcjxng6hFhC0ApR30MP,construction,linkedin.com/company/construtora-global,marialva,construtora global,paraná,51-200,
brazil,2018,46K6KvHY2SOeunEyCukK1ApLdBKT,construction,linkedin.com/company/dfonseca-engenharia,sao paulo,dfonseca engenharia,são paulo,1-10,dfonseca.com.br
brazil,,eCHOvKFvv8Bvv4gqH1QXeQZG66Uc,construction,linkedin.com/company/rei-das-luvas,são josé do norte,rei das luvas,rio grande do sul,1-10,reidasluvasrp.com.br
brazil,,Ztd9v1EgGt0yJqAjI2IWlQAWtaZZ,construction,linkedin.com/company/assistec-recife,moreno,assistec recife,pernambuco,1-10,assistecrecife.com.br
brazil,1992,7Bu3viuiBVgfvomWiMiZnQjJMJjP,construction,linkedin.com/company/creth-stone-brasil,jacareí,creth-stone concreto estampado,são paulo,1-10,creth-stonebrasil.com.br
brazil,1993,I8w4yUCc4v9fxv9LGdT2SgaG60KE,construction,linkedin.com/company/terraris-construtora,são josé dos pinhais,terraris construtora de obras e locação,paraná,11-50,terraris.com.br
brazil,,KbxECs5Z2ojgWTGznEvCOAxIsQ5T,construction,linkedin.com/company/construtora-helena-&-construtora,bragança paulista,construtora helena & construtora,são paulo,1-10,construtorahelena.com.br
brazil,,C1oa1sw7sUoQLtuVMZvZNwQuG5h7,construction,linkedin.com/company/diego-goncalves-ferreira,governador valadares,diego goncalves ferreira,minas gerais,1-10,
brazil,,nhN2OOBTzwBJ5i33cX5RZQuE1Ico,construction,linkedin.com/company/vivá-revestimentos,goiania,vivá revestimentos,goiás,1-10,
brazil,,zB7NWKLCGg5vd2GGRZrMxgnoe5ZE,construction,linkedin.com/company/madrid-construtora,florianópolis,madrid construtora,santa catarina,1-10,madridconstrutora.com.br
brazil,2021,Gveh8WVNdSVGDnZTTNRJOQ7U3iMR,construction,linkedin.com/company/monarca-engenharia,passos,monarca engenharia,minas gerais,1-10,
brazil,,EDYuqRcXXrJyuViTaNzSvgcLqxfM,construction,linkedin.com/company/volga-construtora,belem,volga construtora,pará,1-10,volgaconstrutora.com.br
brazil,2005,nVxNVmrkwR82PzBAVyC0kQMsT7P8,construction,linkedin.com/company/afgerenciamento,curitiba,archifactory,paraná,1-10,afgerenciamento.com
brazil,2018,cpCKv9LLixQQoCngPzhjSAebNJa5,construction,linkedin.com/company/tiny-houses-brasil,porangaba,tiny houses brasil,são paulo,1-10,tinyhousesbrasil.com.br
brazil,,n3DeQH7LLdHQ8hKk0NEO8gPnlRp2,construction,linkedin.com/company/brageo-produtos-para-pocos-artesianos,itabuna,brageo produtos para pocos artesianos,bahia,1-10,
brazil,,6BBwhcW5JbHylCwU34F3DwKDQi0L,construction,linkedin.com/company/ergo-escoramentos,fátima,ergo escoramentos,bahia,1-10,ergoescoramentos.com.br
brazil,1994,TDonIX6aSCPjex3WHCLE9gWjW87O,construction,linkedin.com/company/mètodo,sao paulo,mètodo,são paulo,1-10,
brazil,,6HcA3cKTVLb7rC780oZdTgzSxCt0,construction,linkedin.com/company/dmgallo-incorporadora-e-construtora,sao paulo,dmgallo incorporadora e construtora,são paulo,201-500,
brazil,,zRJYJsOCEE6e14NpPmbCTggpXSAg,construction,linkedin.com/company/esmanutenções---pinturas-e-reformas-em-geral,são josé dos campos,esmanutenções - pinturas e reformas em geral,são paulo,1-10,esmanutencoes-pinturas-e-reformas-em-geral.negocio.site
brazil,2014,QjPPVEcjwAe72oBfXr5uqgG2Vfl3,construction,linkedin.com/company/3s-participações-e-empreendimentos,curitiba,3s incorporadora,paraná,11-50,3sp.com.br
brazil,,Px6cfgKGjrocCcDOVSC4uAc1fcO8,construction,linkedin.com/company/gesso-nacional,cariacica,gesso nacional,espírito santo,1-10,gessonacional.vitrinevirtual.net
brazil,2014,2fjNA1OVM3H5zbgTT6FdtAkkLFWx,construction,linkedin.com/company/lgtech-elevadores-s-a,canoas,cs consultoria em rh,rio grande do sul,1-10,cristianosilvars.wixsite.com/csconsultoriarh
brazil,,2D3YWF5MWRCWC16VjyQt0AwYdV7I,construction,linkedin.com/company/unipint,,unipint,rio de janeiro,1-10,globalmarketing.com.br
brazil,,fHC3RIr001UZ17EtPbz8xgC8UpE4,construction,linkedin.com/company/estahl,arambaré,estahl,rio grande do sul,1-10,estahl.ind.br
brazil,2019,Ok4wvaUnRQvo3oVveYGpRAHu3dyV,construction,linkedin.com/company/allindrywall,barueri,isa frame,são paulo,1-10,instagram.com/isaframebr
brazil,,BIzc4j44Xaxn0qyGOF63vQw6sL8n,construction,linkedin.com/company/percon-engenharia-2020.-site,campinas,percon engenharia 2020. site,são paulo,1-10,
brazil,,Z0WfivbwLqkHD29DafaJXgXXY2gT,construction,linkedin.com/company/cbp-pedras-e-revestimentos,,cbp pedras e revestimentos,são paulo,11-50,instagram.com/cbppedras
brazil,,eABnD29O7nUv7Ftgpj7zBQS0Qzl9,construction,linkedin.com/company/mac-term-aquecedores,jardim dos jacarandas,mac term aquecedores,são paulo,1-10,mactermaquecedores.com.br
brazil,,yalskbAOIITs6ahQ3fUHfwm8kTzP,construction,linkedin.com/company/alex-pintor,diadema,alex pintor,são paulo,1-10,alexpintor.negocio.site
brazil,,Q2iCaTOWYCL2JbOSIiiCiAsc5cGj,construction,linkedin.com/company/bh-reformas-prediais,belo horizonte,bh reformas prediais,minas gerais,11-50,bhreformas.com.br
brazil,,QquDpFHHHrKQMqiZz2iBBQB3Fs2S,construction,linkedin.com/company/mdj-engenharia-e-saneamento,ribeirao preto,mdj engenharia e saneamento,são paulo,51-200,mdjeng.com.br
brazil,,ExDTCA5a2T577vuXHkVuBAxUIF4p,construction,linkedin.com/company/calhas-moc,montes claros,calhas moc,minas gerais,1-10,calhas-moc.negocio.site
brazil,,VOqrLD1YHRshtqpt69gDLg9v5Xu6,construction,linkedin.com/company/catarinense-reformas,joinvile,catarinense reformas,santa catarina,1-10,catarinensereformas.com.br
brazil,2020,sFGeJpmG9CyIVQEsFUuPkgl9Kv7t,construction,linkedin.com/company/hsp-construções,setor de indústria e abastecimiento,hsp construções,federal district,1-10,hspconstrucoes.com.br
brazil,,7wCZBnB5fo3KCwCMRRLFVQnP3SmL,construction,linkedin.com/company/firmino-&-frança-construções,maringá,firmino & frança construções,paraná,1-10,firminofrancaconstrucao-civil.negocio.site
brazil,2009,bfmB9Gq4WKggkUWAITQYXQ5zmw24,construction,linkedin.com/company/realeacabamentos,curitiba,reale acabamentos empreiteira,paraná,1-10,realeacabamentos.com
brazil,,I1npGb7iJwfSlICHc1JeNg2eXriT,construction,linkedin.com/company/climate-safety-system,cidade nova,climate safety system,rio de janeiro,1-10,cssclimate.com.br
brazil,2005,srt6xnvjdpDgLseS2uBySgO40waV,construction,linkedin.com/company/novagerencial,sao paulo,nova gerencial engenharia ltda,são paulo,11-50,novagerencial.com.br
brazil,,6PKHOrcZEmRGAQpleGBXyQFcUxJ5,construction,linkedin.com/company/t-m-construtora,recife,t m construtora,pernambuco,1-10,caniltoscanomonteiro.com.br
brazil,2002,b6EZl5Zda3dlD0uZiBcr5AvsSKls,construction,linkedin.com/company/embrapocos-empresa-brasileira-de-pocos,belo horizonte,embrapocos empresa brasileira de pocos,minas gerais,1-10,embrapocos.com.br
brazil,2019,sXF45AvUjaF0FetzzNzWgAXM3gao,construction,linkedin.com/company/naestbr,,naest consultoria e engenharia,são paulo,1-10,naest.com.br
brazil,,kzLAflXoJRCZGjxJG6vp3Q4cEMPw,construction,linkedin.com/company/couto-pinturas,santa cruz do sul,couto pinturas,rio grande do sul,1-10,couto-pinturas.negocio.site
brazil,,37I7wHhbKkafeB3gtVGuxwtmRCEL,construction,linkedin.com/company/minerais-consultoria,redenção,minerais consultoria,pará,1-10,mineraisconsultoria.com
brazil,,sRKexUGort7tkEDD70kMyw4QG7SC,construction,linkedin.com/company/engeman-manutenção-de-equipamentos-comércio-e-indústria-ltda.,macaé,engeman manutenção de equipamentos comércio e indústria ltda.,rio de janeiro,1-10,
brazil,,HErUCm3fyvfLerTokndUTQUtgvxG,construction,linkedin.com/company/benvecon-construcao-civil,curitiba,benvecon construcao civil,paraná,1-10,benvecon.com.br
brazil,,60D0anNRUG72IljtW5Atxwx3g20w,construction,linkedin.com/company/pro7e-instalacao-e-manutencao-eletrica-industrial,são josé dos pinhais,pro7e instalacao e manutencao eletrica industrial,paraná,11-50,
brazil,2011,pnaXyjSWpv78rWvj9lp5CAyVdLxx,construction,linkedin.com/company/csb-serviços,brasília,csb construção civil e reformas,federal district,1-10,instagram.com/csb_servicos
brazil,,9eRpU0Vmq7T10jjexd72ngFgdLAo,construction,linkedin.com/company/kradiah,fortaleza,kradiah,ceará,1-10,kradiahpinturas.com
brazil,,FUPebEi7NXwMUp37VWQEkQhBrCPR,construction,linkedin.com/company/brava-arts---mendes-empreendimentos,itajaí,brava arts - mendes empreendimentos,santa catarina,1-10,bravaarts.com.br
brazil,2019,WuQr1LiC8q3DvEo1TkYxBAajskTn,construction,linkedin.com/company/tr-telhados-reformas-e-construções,são bernardo do campo,"tr telhados, reformas e construções",são paulo,11-50,tr-telhados-reformas-e-construcoes.webnode.page
brazil,2021,jxZmir8YLq7tDKbp2RGlpAYkbHZs,construction,linkedin.com/company/institutoabraco,,instituto abraço - isoeste metálica,federal district,11-50,institutoabraco.com.br
brazil,,V36QGnZZ1bPljvVQBUzmGAygbGl9,construction,linkedin.com/company/quatri-automacao,santos,quatri automacao,são paulo,1-10,
brazil,,ILRahb2DTCm5KPOqh8In5wOXB3eB,construction,linkedin.com/company/mundial-pox,são josé,mundial pox,santa catarina,1-10,mundial-pox.negocio.site
brazil,,CvYA7kfKHobrk3xgNqCQzwVvBVAX,construction,linkedin.com/company/verticalpinturas,ipiranga,verticalpinturas,são paulo,1-10,
brazil,,XdNlmNHOll8DghimBOmXfgl5BZ1z,construction,linkedin.com/company/chicago-engenharia-construções-com,sítio josé paulino mofardinni,chicago engenharia construções com,são paulo,1-10,chicagoengenharia.com.br
brazil,,yhiWbgh92gJjgFQWGAjkBwy3TEv1,construction,linkedin.com/company/super-reis---panificadora-e-mercearia,conceição do coité,super reis - panificadora e mercearia,bahia,1-10,super-reis-panificadora-e-mercearia.negocio.site
brazil,,0jBcffZRVglousktrc31Lgm6iTsA,construction,linkedin.com/company/lp-servicos-tecnicos,rio de janeiro,lp servicos tecnicos,rio de janeiro,11-50,lpservicos.com.br
brazil,,TGzdnvDCTXSsBsvdcjyAkQBTiFFL,construction,linkedin.com/company/ja-empreiteira,santo antônio do jardim,ja empreiteira,são paulo,1-10,jaempreiteira.com
brazil,,B0DMrnI9BSKxmyuEaGqbwQYgaCta,construction,linkedin.com/company/construtora-amazonia,cruz das almas,construtora amazonia,bahia,1-10,construtoraamazonia.com.br
brazil,2003,6a1k4qllSoc5SUNuKnt3YgtL7Ptn,construction,linkedin.com/company/makers-peliculas,sao paulo,makers peliculas,são paulo,11-50,fmk.com.br
brazil,,xXa8mLnpLtmaCMDVhyWTTwPAGgGM,construction,linkedin.com/company/dfensul-alegrete,alegrete,dfensul alegrete,rio grande do sul,1-10,dfensulalegrete.com.br
brazil,,wcHY2rmo7CnWyus6hrOSowIoFLkJ,construction,linkedin.com/company/vix,,exete,rio de janeiro,201-500,v-ix.com
brazil,,1uxMzxgAyZC6EpuLafZ0TQ4BXwfG,construction,linkedin.com/company/marbe-solutions,montes claros,marbe solutions,minas gerais,11-50,
brazil,,eZHyLYzg4NzJgI6eAD7p7ABmc8tD,construction,linkedin.com/company/santa-efigênia-construtora,cachoeirinha,santa efigênia construtora,rio grande do sul,1-10,santaefigeniaconstrutora.com
brazil,,adPnUIAmHOCjFBjXXtHsBgEoqHWf,construction,linkedin.com/company/sinarco-engenharia-ltda,joão pinheiro,sinarco engenharia ltda,minas gerais,1-10,
brazil,,wrWWpGBHIW0b4p2p6hS0MAeav98Q,construction,linkedin.com/company/eletrosystem,goiania,eletrosystem,goiás,1-10,eletrosystem.com
brazil,,rcFhyzsmRL4w5Bgm2bwkgwhWPTTu,construction,linkedin.com/company/colder-climatizadores,maringá,colder climatizadores,paraná,1-10,colderclimatizadores.com.br
brazil,,oaZsh3jbDSC0teqnAORqTw9QW6NG,construction,linkedin.com/company/eletricista-&-serviços,são josé dos campos,eletricista & serviços,são paulo,1-10,eletricistaservicos.negocio.site
brazil,,bRIPgvJgJDOCQ5J7OJc3OwZV3wDt,construction,linkedin.com/company/acessus-alpinismo-industrial-e-resgates,rio de janeiro,acessus alpinismo industrial e resgates,rio de janeiro,1-10,acessusalpinismo.com.br
brazil,1982,LjBB7qdCZo3560MVZBCA4QNusOKh,construction,linkedin.com/company/vercon-construtora-e-empreendimentos-ltda,uberlândia,vercon construtora e empreendimentos ltda,minas gerais,11-50,verconconstrutora.com
brazil,,uXQ5d1C8VnrwQzu9rioY6wnpSbYR,construction,linkedin.com/company/eletrotech-automação-e-elétrica,holambra,eletrotech automação e elétrica,são paulo,1-10,eletrotechautomacao.com.br
brazil,,CdcCkPtUCOv2CnIKl5pdGQeXvcun,construction,linkedin.com/company/cunha-construções-reformas,jundiaí,cunha construções reformas,são paulo,1-10,cunhaconstrucoesereformas.com.br
brazil,,F63txtFUz3aA45jgG7LteQB8Cu3k,construction,linkedin.com/company/g-s-construcoes-ltda-me,,g + s construcoes ltda me,são paulo,1-10,lucaengenharia.com.br
brazil,,0654mx1RDBZNCNh2C8Ak0gkLmRLj,construction,linkedin.com/company/prado-vieira-engenharia,parque nove de julho,prado vieira engenharia,são paulo,1-10,prado-vieira-engenharia.negocio.site
brazil,,bMmNlDIwAST8klmB6MkgHglwe7Gb,construction,linkedin.com/company/gaza-empreendimentos,são miguel do guaporé,gaza empreendimentos,rondônia,1-10,gazaempreendimentos.com.br
brazil,,JYn2p8ACD3CUHjyuEshgoQopUcXp,construction,linkedin.com/company/construbenx-engenharia-me,sítio santo amaro,construbenx engenharia me,são paulo,1-10,construbenx.wix.com
brazil,2013,Uh0AtoAv8EQX9OmxyyvOTw0fhtsl,construction,linkedin.com/company/vtech-solucoes,recreio dos bandeirantes,vtech soluções,rio de janeiro,1-10,vtech-solucoes.com
brazil,,yqR3GLHKNhXYvhblak5uywyu76Uv,construction,linkedin.com/company/engematos-serviços-de-engenharia-e-topografia,fernão velho,engematos serviços de engenharia e topografia,alagoas,1-10,engematos.com.br
brazil,1995,2DgM8BgJGvljGeTiIgl1gAKA2mSO,construction,linkedin.com/company/estrumetalica,,estrumetálica,são paulo,1-10,estrumetalica.com.br
brazil,,29GPXKQlc1PLh0CfBG3FawLBQb4z,construction,linkedin.com/company/bms---perfuracao-e-manutencao-de-pocos-artesianos,capivari,bms - perfuracao e manutencao de pocos artesianos,são paulo,1-10,bmspocosartesianos.com.br
brazil,1988,C1q1f6lNOObww9zCz8rkCAh9AGMG,construction,linkedin.com/company/remo-representações,belo horizonte,remo representações,minas gerais,1-10,
brazil,,Y55Bbbq4y2TIfV3Cv9u3PwqpYs4q,construction,linkedin.com/company/grupo-atena-engenharia-de-seguranca-contra-incendio,praia grande,grupo atena engenharia de seguranca contra incendio,são paulo,1-10,
brazil,,M6a1GxjwGuCWpCClNDAB0ANFpkXi,construction,linkedin.com/company/gilbako-serviços-elétricos,guarulhos,gilbako serviços elétricos,são paulo,1-10,gilbako.negocio.site
brazil,,RUxxzuReI1jyeXCKCuCcTgtHk8CD,construction,linkedin.com/company/marfex,são josé dos campos,marfex,são paulo,1-10,marfex.com.br
brazil,,BsByyMv03N8rnSWW6cadZQF3eDtv,construction,linkedin.com/company/tecnew-do-brasil,rio de janeiro,tecnew do brasil,rio de janeiro,11-50,elevadortecnew.com.br
brazil,2009,HnnMbqcBLnGHCIqyuLmnjALFpg8U,construction,linkedin.com/company/córtex-gestão-e-serviços,ilha solteira,córtex engenharia,são paulo,11-50,
brazil,1995,BmFX78TRkBbvVkOFo9Cn3QVPL2gz,construction,linkedin.com/company/biancade-engenharia-&-construção,francisco morato,biancade engenharia & construção,são paulo,11-50,biancade.com.br
brazil,2018,vQlZ16RJ9REh14HWM1EBLwwm7lQF,construction,linkedin.com/company/engenharia-de-alta-performance,salvador,engenharia de alta performance,bahia,11-50,engenhariaeperformance.com
brazil,,o6qBO2UfhMpLSjwJcYtrUwTNDMTL,construction,linkedin.com/company/carlinhoar-condicionado-eletricista-automaçao-e-materiais-eletricos,bocaina,"carlinhoar condicionado, eletricista, automaçao e materiais eletricos",são paulo,1-10,carlinho-eletricista-e-automacao.negocio.site
brazil,,vAofYBlv4w24eU6zaFEGhwuqxpX8,construction,linkedin.com/company/kuhl-engenharia-e-construção,limeira,kuhl engenharia e construção,são paulo,1-10,kuhlengenharia.com.br
brazil,,fZlw8NVue1ayXeplMDIXxQXFtId6,construction,linkedin.com/company/casa-da-ferragem-armada,indaiatuba,casa da ferragem armada,são paulo,1-10,casadaferragemarmada.com.br
brazil,,v8q0RyCqDl55zZDyGzjrUgBbqLGt,construction,linkedin.com/company/aenge,itu,aenge,são paulo,1-10,
brazil,,KsbBGpCJthgTfAW4ChwWJAMl4B3x,construction,linkedin.com/company/atm-soluções-tecnológicas,itajaí,atm soluções tecnológicas,santa catarina,1-10,atm-solucoes-tecnologicas.ueniweb.com
brazil,,X9wCSyRnMrG70JBAY7tsDwJMdflh,construction,linkedin.com/company/refrigeração-única,guapimirim,refrigeração única,rio de janeiro,1-10,refrigeracaounica.com.br
brazil,,XXJq0GSEz6IbPv3xLaXxLQbVyAu6,construction,linkedin.com/company/dalqo-engenharia-ltda,ponta grossa,dalqo engenharia ltda,paraná,1-10,dalqo.com.br
brazil,,AjSq31e40Mev7Con3kPxGgGleN22,construction,linkedin.com/company/jb-pinturas-eletrostáticas-a-pó,aparecida de goiânia,jb pinturas eletrostáticas a pó,goiás,1-10,jb-pinturas-eletrostaticas-a-po.negocio.site
brazil,,4KxuxPBtbK9FEpbBQFCv8gyinjjw,construction,linkedin.com/company/eletritec-elétrica⚡-instalações-elétricas-e-segurança-eletrônica,santa isabel,eletritec elétrica⚡ instalações elétricas e segurança eletrônica,são paulo,1-10,eletriteceletrica.com
brazil,,UUtKyiVSzi1E8G8LiGscCw3jj8KQ,construction,linkedin.com/company/eagle-vision-com.-e-serviços-ltda,boa vista,eagle vision com. e serviços ltda,roraima,1-10,eaglevis.com.br
brazil,2017,dj9wjCGSmHnreArGQPnW9giCI8re,construction,linkedin.com/company/grupo-qs,manaus,grupo qs,amazonas,51-200,
brazil,,CQL6N7wopSFNGEJSS4wQ4QYpBRFY,construction,linkedin.com/company/bmv-construcoes-e-incorporacoes,salvador,bmv construcoes e incorporacoes,bahia,1-10,bmvconstrucoes.com.br
brazil,,9vBGBW7nYq2D0MxUj0xbuAkzgHFV,construction,linkedin.com/company/exemplo-engenharia---serviços-de-engenharia,,exemplo engenharia - serviços de engenharia,rio de janeiro,1-10,exemplo.eng.br
brazil,,3CW6nJHVeMhq52yfGRqL4QazPMMM,construction,linkedin.com/company/stellato-construtora,cuiabá,stellato construtora,mato grosso,1-10,stellato.eng.br
brazil,,l7m7DpEAZW6Vy6QWUlt3DAsy4TYd,construction,linkedin.com/company/nf-energia-soluções-elétricas-e-energia-solar,sorocaba,nf energia : soluções elétricas e energia solar,são paulo,1-10,nfeletrica.com.br
brazil,2022,X7SnzNGXaCWjz5nHlBwF4QH4orfS,construction,linkedin.com/company/vhxconsultoria,ribeirao preto,engecare construção e manutenção hospitalar,são paulo,1-10,
brazil,,74I50Je8WhzAvNayLULPSQtqWK1c,construction,linkedin.com/company/terramaq-empreendimentos,monte carmelo,terramaq empreendimentos,minas gerais,1-10,terramaqempreendimentos.com.br
brazil,,RjENc1bCOEddBZDraVweYgJI3dV7,construction,linkedin.com/company/busarello-engenharia,caxias do sul,busarello engenharia,rio grande do sul,1-10,busarello.eng.br
brazil,,JirZD7Tp8DCQlJ1H1OIvNgZ5nvcE,construction,linkedin.com/company/construtora-quixadá,santo antônio do jardim,construtora quixadá,são paulo,1-10,construtoraquixada.com.br
brazil,2017,QpIIKYnCC26gRde7fZSvTgHuq5iA,construction,linkedin.com/company/tangram-engenharia-construtiva,curitiba,tangram construtora de obras,paraná,1-10,tangramengenharia.com.br
brazil,,0Sk4BrauYCcESfAPEm4sMAy0OqPx,construction,linkedin.com/company/teips-montagem-e-comercio,são vicente,teips montagem e comercio,são paulo,11-50,teips.com.br
brazil,,ug2Sh2v9E4ZvohmCOCuTMA73kafV,construction,linkedin.com/company/qg-engenharia,brasília,qg engenharia,rio grande do norte,1-10,qg-engenharia.negocio.site
brazil,,Uk2SD7PWEPBjBMUtxwQEEgBsqDh0,construction,linkedin.com/company/elétrica-apolo,belo horizonte,elétrica apolo,minas gerais,1-10,
brazil,,fMvIt6xDSCH7VKCTGUI9vA7F3GC9,construction,linkedin.com/company/terbrio,sao paulo,terbrio,são paulo,1-10,terbrio.com.br
brazil,2018,il5XejpyFl53Wsr9EVS5ygi9QjRx,construction,linkedin.com/company/elseg-engenharia,sinop,elseg engenharia,mato grosso,1-10,elsegengenharia.com
brazil,,DFJzyr4mobPMFcDBvyWC9QMqRA0K,construction,linkedin.com/company/drenar,belo horizonte,drenar,minas gerais,51-200,drenar.com.br
brazil,2015,Jklv4ZyF26IK0kAnjMdHhQdRZ8VP,construction,linkedin.com/company/baú-baú-arquitetura-e-engenharia-ltda-me,lajes,baú & baú arquitetura e engenharia ltda me.,santa catarina,1-10,
brazil,,DBo8BPMoIsWvHiEijPUs2wen161D,construction,linkedin.com/company/casa-azul-piscinas,guararema,casa azul piscinas,são paulo,1-10,casaazulpiscinas.com.br
brazil,,IQZpTp1e7gaSK7DbHYobTwxQQ1ih,construction,linkedin.com/company/df-seguranca,brasília,df seguranca,federal district,1-10,dfseguranca.com.br
brazil,,1kbo6C0yYCb501dvmhCB6wuGi4fN,construction,linkedin.com/company/narf-produtos-agropecuária,palmeira,narf produtos agropecuária,paraná,1-10,narfshop.com.br
brazil,,kwEXevBQTkUoQts2XffnxgVm9KgJ,construction,linkedin.com/company/margareth-pinturas,sao paulo,margareth pinturas,são paulo,11-50,margarethpinturas.com.br
brazil,,HBf8SV7loAsMCf6lrPdRnQ1aVHvc,construction,linkedin.com/company/art-calhas-peruíbe,peruíbe,art calhas peruíbe,são paulo,1-10,diskartcalhas.com.br
brazil,,ePHIoNO7UnAg6watVURVpAxMFlz9,construction,linkedin.com/company/rei-do-frio,limeira,rei do frio,são paulo,1-10,reidofrio.com.br
brazil,,aHkXPgrGhJ4ahnNqdAqI7ALxIAtF,construction,linkedin.com/company/pedra-e-cal-construcoes-e-perfuracoes,rio de janeiro,pedra e cal construcoes e perfuracoes,rio de janeiro,11-50,
brazil,,qLwLAIjBgcPHu2PCglYQcQHcUDiJ,construction,linkedin.com/company/mw-pinturas-decoracoes-especiais-e-reformas,balsas,mw pinturas decoracoes especiais e reformas,maranhão,1-10,mw-pinturas-e-decoracoes-especiais.negocio.site
brazil,,64LXyIshSJPbDAOVtsyRAAIp6esr,construction,linkedin.com/company/corgett-do-brasil-ltda,santo andré,corgett do brasil ltda,são paulo,1-10,corgett.com.br
brazil,2021,9tHKk9yG9GICYBW7CXB91wVtQuPg,construction,linkedin.com/company/laggoea,maceió,laggo engenharia & arquitetura,alagoas,1-10,instagram.com/laggoea
brazil,2022,Lcfh6yRiUb4h3tbKHD98QwOIRmrw,construction,linkedin.com/company/empreiplus-serviços-em-construção-civil,ribeirao preto,empreiplus - serviços em construção civil,são paulo,11-50,empreiplus.godaddysites.com
brazil,,5husXU4nR0jswwVtuXRUzAlMm16H,construction,linkedin.com/company/aluvidrex-esquadrias-de-aluminio,curitiba,aluvidrex esquadrias de aluminio,paraná,1-10,aluvidrex.com.br
brazil,,xtyb8PkUR8ARAvcovQjU3AyHoL8A,construction,linkedin.com/company/mitestainer-engenharia,serra negra,mitestainer engenharia,são paulo,1-10,mitestainer.com.br
brazil,,KVvq22XlkCUlpF4XVASB1wZAmkZs,construction,linkedin.com/company/a-m-d-s-costrucoes-e-reformas,porto alegre,a m d s costrucoes e reformas,rio grande do sul,1-10,gabrieldias.com.br
brazil,,SfYtxV7CYFPYVyngvLEAHQNKKinD,construction,linkedin.com/company/euro-atântica,,euro atântica,são paulo,1-10,euroatlantica.com.br
brazil,,9xUfPSgqpdIBDvD85zoLeg9SX2Az,construction,linkedin.com/company/multiforma-h,goiania,multiforma h,goiás,1-10,multiformah.com.br
brazil,2023,RlQqNZCTjRYGkO3yoCf9Xg0KA0Pa,construction,linkedin.com/company/vale-do-açucar-trading,sertãozinho,vale do açucar trading,são paulo,1-10,valedoacucartrading.com.br
brazil,,WfvBSsYSPNalXN8StQvWYQuhQQi7,construction,linkedin.com/company/vs.jb-construcao-civil,piracicaba,vs.jb construcao civil,são paulo,1-10,vsjbconstrucaocivil.com.br
brazil,2011,rl6sEtj2LgK3CRLXBjvdLg8KR2ud,construction,linkedin.com/company/atifix,atibaia,atifix,são paulo,1-10,atifix.com.br
brazil,,s1hJ8W65UNywtXSPxBzTqQ6DOgvd,construction,linkedin.com/company/construtora-e-incorporadora-m.r.o.,santo andré,construtora e incorporadora m.r.o.,são paulo,51-200,mroconstrutora.com.br
brazil,,uOqwajevuGRKr2fBdpVqAAkZTkK1,construction,linkedin.com/company/pereira-&-decol-empreendimentos-imobiliarios,curitiba,pereira & decol empreendimentos imobiliarios,paraná,51-200,
brazil,,FIh6dkU2idpFgBKbCzx7vgkgPw5x,construction,linkedin.com/company/destaque-pinturas,curitiba,destaque pinturas,paraná,1-10,
brazil,,kYuul3z67F0MrD3QW9uE6QE57BDF,construction,linkedin.com/company/cg-construções-gerais,chácara,cg construções gerais,minas gerais,1-10,cg-construcoes-gerais.negocio.site
brazil,,TTJgsRkNSkmSmrAdgzRBSgEtG9rQ,construction,linkedin.com/company/sommar-engenharia-e-construcao,,sommar engenharia e construcao,são paulo,1-10,martinslocadora.com.br
brazil,2018,m8pqIh5dhxoHfmf1YwKLng6h9R9J,construction,linkedin.com/company/chromarch,santo andré,chromarch construtora,são paulo,1-10,chromarch.com.br
brazil,2021,DCxblZ6GblHQPCxTDP1Kwwyl6JG6,construction,linkedin.com/company/bazalt-engenharia,,bazalt engenharia,santa catarina,1-10,bazalt.com.br
brazil,,TRMHBhSKWCUeHcF8kkjzgwwMO1Kn,construction,linkedin.com/company/afg-construcoes,birigui,afg construcoes,são paulo,11-50,amgrconstrucoes.com.br
brazil,,OYtTwKGQqW0Oc0Pf1XTiHwlTDc0X,construction,linkedin.com/company/dryoz-associados-consultoria-técnica-em-sistemas-construtivos,jundiaí,dryoz & associados - consultoria técnica em sistemas construtivos,são paulo,1-10,dryoz.com.br
brazil,,fAfaLcdMiVWe4jDFs37gBwirChWZ,construction,linkedin.com/company/allquality,nova iguaçu,allquality,rio de janeiro,1-10,allqualityservicos.com.br
brazil,,brcD4HxWHAyXwMD3veIIXgO1ZgFM,construction,linkedin.com/company/sebm-climatizacao-e-eletrica,governador valadares,sebm climatizacao e eletrica,minas gerais,1-10,sebmclimatizacao.com.br
brazil,,eKnrI05qMocJzUx9q02jAA12zW62,construction,linkedin.com/company/castelo-monte-rei-eventos-e-locação,ribeirão pires,castelo monte rei eventos e locação,são paulo,1-10,castelomontereieventos.com.br
brazil,,vG9Nzur0CKwm26INbqAQXAFfB1Tk,construction,linkedin.com/company/lapidar-pisos,novo hamburgo,lapidar pisos,rio grande do sul,1-10,lapidarpisos.com.br
brazil,2008,lkBrCWpTvOuPM6Ah878NfwtWWXXC,construction,linkedin.com/company/ambientall-ambientes-planejados-ltda,contagem,ambientall ambientes planejados ltda,minas gerais,1-10,ambientall.net
brazil,,n4Xm0zjSBIUG5CaiFYJjTgOqtEOP,construction,linkedin.com/company/costa-pinheiro-edificacoes,teresina,costa pinheiro edificacoes,piauí,1-10,
brazil,,b1hlLzZv9hJ3uGPdaaaYkwLPyHgH,construction,linkedin.com/company/mg-construções-pintura-e-reformas-em-geral,porto alegre,"mg construções, pintura e reformas em geral",rio grande do sul,1-10,mg-construcoes.ueniweb.com
brazil,,3M1BCNVxCcuNtVUyUnV4ygBRD2L7,construction,linkedin.com/company/itadur,salvador,itadur,bahia,1-10,itadur.com.br
brazil,,e3PDanmCwLOAbRGDI4BdJgrv8P4S,construction,linkedin.com/company/gds-gesso-drywall,parque peruche,gds gesso drywall,são paulo,1-10,gdsgessodrywall.com.br
brazil,,tmIM57dzGgq4fboqQ6b8lAzLEoPO,construction,linkedin.com/company/maxecom,sítio júlio rodrigues de lima,maxecom,são paulo,1-10,maxecom.com.br
brazil,,WeQHnrBm9fn3s52AIFstOAJtMGlf,construction,linkedin.com/company/telha-sul,,telha sul,,1-10,telhasul.com
brazil,,S4SrMd9HZCYZTB43lxuObwNA2ylu,construction,linkedin.com/company/rafael-pinturas,juína,rafael pinturas,mato grosso,1-10,rafael-pinturas-painter.negocio.site
brazil,,J5n75KfyXwsrFLAkJifOeQQ9qUvv,construction,linkedin.com/company/fersan-construções-e-incorporações,rio vermelho,fersan construções e incorporações,minas gerais,1-10,fersanconstrucoes.com.br
brazil,,ciFkNERL3ZnCFUjKSol4hgigRp6Y,construction,linkedin.com/company/zadoque,são bento,zadoque,mato grosso do sul,1-10,zadoque.com.br
brazil,,duTA1CEEpwwZx2rSlrOhXgfSkbLq,construction,linkedin.com/company/sh-tech-instalacoes-e-montagens-eletricas,porto alegre,sh-tech instalacoes e montagens eletricas,rio grande do sul,1-10,
brazil,2010,OHvjONSSCDRJ9txRF2W94gsVBlhY,construction,linkedin.com/company/consuz-empreiteira,suzano,consuz empreiteira,são paulo,11-50,consuz.com.br
brazil,,ByGdrF1oT7HzlwDwDdr0YQZw5SPl,construction,linkedin.com/company/gs-souto-engenharia,sítio lúcia schafaschek,gs souto engenharia,santa catarina,1-10,gssouto.com.br
brazil,,1QbXG4Be33Q39TCnCA4ikAUt8ug7,construction,linkedin.com/company/samá-incorporações,joão pessoa,samá incorporações,paraíba,11-50,samaincorporacoes.com.br
brazil,2021,H7QnWbkl92i5W2UGy0hOVwiMBF55,construction,linkedin.com/company/concretize,eusébio de oliveira,concretize,paraná,1-10,instagram.com/grupoconcretize
brazil,,seoCIj4I4MB2vRSvmB3E3Q66oR7t,construction,linkedin.com/company/gesso-forte-rj,,gesso forte rj,rio de janeiro,1-10,gessoforterj.com.br
brazil,,kLqu3iUlNObCqUF6dyVIGQpeYX2X,construction,linkedin.com/company/delmondes-arquitetura-e-construções,goiania,delmondes arquitetura e construções,goiás,1-10,delmondesarquitetura.negocio.site
brazil,2010,KNHoiEmQvB3YSOmB8tORiQRpx1FZ,construction,linkedin.com/company/nagawa-do-brasil-ind-stria-de-constru-es-modulares-ltda,vargem grande paulista,nagawa do brasil,são paulo,11-50,
brazil,,orUOB1XjpfXgiUEfDXUCZgXurmGT,construction,linkedin.com/company/clima-multi,bertioga,clima multi,são paulo,1-10,climamulti.com.br
brazil,,bba7QUPAI2sTKSdCLaiaWwHvnESt,construction,linkedin.com/company/eletricista-everton,itapetininga,eletricista everton,são paulo,1-10,eletricistaeverton.negocio.site
brazil,,AYJQ09jCBNC0XPFRehz9SQQvY4XF,construction,linkedin.com/company/refri-alves-refrigeracao,sertãozinho,refri alves refrigeracao,são paulo,1-10,rgalves.com.br
brazil,,gGRqcZQKZlDs7VCRvroKSgcq7GzP,construction,linkedin.com/company/classicor,sao paulo,classicor,são paulo,11-50,
brazil,,bHsdOtLV1yTj7cd8k7HdugWgWXr2,construction,linkedin.com/company/sta-servicos-tecnicos-em-altura,são mateus do sul,sta servicos tecnicos em altura,paraná,1-10,
brazil,,X1MVnYIxhxVWWzuqYwbdzQsQWGKs,construction,linkedin.com/company/potencial-serviços-e-infra-estrutura,,potencial serviços e infra-estrutura,são paulo,1-10,
brazil,,8QKfVyh04cCesmRuKMUBiw0cuYCi,construction,linkedin.com/company/r-b-planejamento-e-gerenciamento,,r&b planejamento e gerenciamento,são paulo,11-50,
brazil,,xXE0qdQaH3EShyWMmKb0yQLjtC16,construction,linkedin.com/company/alcasan-engenharia-de-sa,cotia,alcasan engenharia de sa,são paulo,1-10,
brazil,,jyFpGV6CBj97I5yGTMCWTwLpxHvh,construction,linkedin.com/company/jlr-construtora,monte sião,jlr construtora,minas gerais,201-500,jlr.com.br
brazil,2005,C1GBDgvZ41YCXmYR54YU6wCwUMPG,construction,linkedin.com/company/contrutora-procivil,campinas,contrutora procivil,são paulo,51-200,procivil.com.br
brazil,2012,LikV7DXxnZcvQ6cfABPgmA0zfGkY,construction,linkedin.com/company/casa-domotica,,casa domotica,rio de janeiro,1-10,casadomotica.com.br
brazil,,Ooe4UjCRqWJfFCTCperOSA9Yg0Bz,construction,linkedin.com/company/senda-vidros,são vicente,senda vidros,são paulo,1-10,sendavidros.com.br
brazil,,nrrhHkFaO1cRADzrqvEH0QZ8Ls3G,construction,linkedin.com/company/pratex-pintura-e-impermeabilização,hortolândia,pratex pintura e impermeabilização,são paulo,1-10,grupopratexpinturas.com
brazil,1996,blFyCWBLvI1ECWCD0nTCFgmUQBuE,construction,linkedin.com/company/campestre-piscinas,sao paulo,campestre piscinas,são paulo,11-50,campestrepiscinas.com.br
brazil,,VshNr9zMiZikSj7YfA2lywIbq4PT,construction,linkedin.com/company/vasco-gilnei-silveira-da-rosa,porto alegre,vasco gilnei silveira da rosa,rio grande do sul,11-50,
brazil,,DJxTNWWkB0g89YCHUcANIgcpm5tS,construction,linkedin.com/company/power-floor---revestimentos-de-pisos,são bernardo do campo,power floor - revestimentos de pisos,são paulo,1-10,powerfloor.com.br
brazil,,7cBumrl9nRpBx5LL5IbEhgszwQoj,construction,linkedin.com/company/mecatron-tecnologia,vitória da conquista,mecatron tecnologia,bahia,1-10,mecatron-tecnologia.webnode.com
brazil,,v0vohpI1tNxCecmWjr5j5gRE7pxc,construction,linkedin.com/company/sco-construcoes,sao paulo,sco construcoes,são paulo,1-10,scoconstrucoes.com.br
brazil,,9zvd4QMMpUuGTHlnWhN0vQcTEtMH,construction,linkedin.com/company/jomat-pre-moldados,garibaldi,jomat pré-moldados,rio grande do sul,11-50,jomatconcretos.com.br
brazil,,aCBlD3EwjC3sGVk1zzT4XAw9TWws,construction,linkedin.com/company/vitrine-da-arte,,vitrine da arte,,1-10,vitrinedaartern.com.br
brazil,,2nLubMv3QoJUFFmkpVtbCA4mED0k,construction,linkedin.com/company/moran-light,,moran light,são paulo,1-10,moranlight.com
brazil,,WnhBhfF8nMQ88tkzIAe6HAHzjamj,construction,linkedin.com/company/kolorpaint,bandeirantes,kolorpaint,paraná,1-10,kolorpaint.com.br
brazil,,Da1cL24cfRvMDe4GAfiSyAuI4Rv1,construction,linkedin.com/company/a-c-art-con-engenharia-e-construcoes,campinas,a c art con engenharia e construcoes,são paulo,1-10,artcon.com.br
brazil,,Vc7KImQAyqmVrSKpPC0FEQOYoYFP,construction,linkedin.com/company/attive---projetos-e-construcoes,sao paulo,attive - projetos e construcoes,são paulo,51-200,
brazil,2017,NNpAzgTNYLbx2fwqvpVEkwmw4em0,construction,linkedin.com/company/agapee-urb,sao paulo,agapee urb,são paulo,1-10,agapee.com.br
brazil,,fej1zx7YiFlapS3gqWgY8Q694FhM,construction,linkedin.com/company/a-original---funilaria-&-pintura-e-embelezamento-automotivo,são josé do norte,a original - funilaria & pintura e embelezamento automotivo,rio grande do sul,1-10,aoriginalfunilariaepintura.com
brazil,,Z5E1uaoKirEOCFQqtK3eXw2DZnWC,construction,linkedin.com/company/cia-dos-ralos,bragança paulista,cia dos ralos,são paulo,1-10,ciadosralos.com.br
brazil,,10RlzX9ZEbJRb7EUtqzM1QTwyslx,construction,linkedin.com/company/j2m-engenharia,bairro vila operária,j2m engenharia,são paulo,1-10,j2mengenharia.com.br
brazil,,ihcGRp2SmiZHiTG7uUIr2QXeo3OT,construction,linkedin.com/company/b-e-c-construtora,são bernardo do campo,b e c construtora,são paulo,51-200,
brazil,,3IGhYzOx4fn8pZCP0rEX7gTW8qmM,construction,linkedin.com/company/trk-engenharia-e-arquitetura,porto alegre,trk engenharia e arquitetura,rio grande do sul,11-50,trkengenharia.com.br
brazil,,0AwxKjYLUcXkpvL7wJoDlwsaCkmy,construction,linkedin.com/company/climoar-climatização,,climoar climatização,são paulo,1-10,climoar.eng.br
brazil,2014,uSoTfmwqck4atLBTGX2zRgtq5DyM,construction,linkedin.com/company/mesc-company,paulo,mesc company,maranhão,11-50,mescconstrucoes.com.br
brazil,,JBep8KYZaPPQRPtR8m3GbgkDTa2j,construction,linkedin.com/company/jfg-alpinismo,bonsucesso,jfg alpinismo,rio de janeiro,1-10,jfgalpinismo.business.site
brazil,,UsTuit0N04nG5XFlmf7zlAliinci,construction,linkedin.com/company/kza-construtora,campina,kza construtora,rio grande do sul,1-10,construtorakza.com.br
brazil,,UBbMV2FhcRKeoMVD3NTHPwPr4Zzh,construction,linkedin.com/company/way-elevadores,belo horizonte,way elevadores,minas gerais,1-10,wayelevadores.com.br
brazil,,byVF3bcKOZovXrfyk5S0cghNpP8P,construction,linkedin.com/company/ohms-construções-elétricas-e-civis,araraquara,ohms construções elétricas e civis,são paulo,1-10,
brazil,,82fqIhLGBo0BY2OnKaZ5uAgdswhF,construction,linkedin.com/company/siga-soluções-em-engenharia,bom jesus dos perdões,siga soluções em engenharia,são paulo,1-10,sigaengenharia.negocio.site
brazil,,8TYn4m1oBWt5CyOYBHKg4wF5oOaS,construction,linkedin.com/company/elitte-ar-condicionado,joaçaba,elitte ar condicionado,santa catarina,1-10,elittearcondicionado.com.br
brazil,1992,c8E5BPwybmEOXeJ609douwbSrd1E,construction,linkedin.com/company/grupo-amarelinha-tintas,itatiba,grupo amarelinha tintas,são paulo,51-200,amarelinhatintas.com.br
brazil,,wUQHne53FHnNAMHNFcfB6w3ok834,construction,linkedin.com/company/hd-soluções-em-engenharia-e-metalurgica-ltda,itaipulândia,hd soluções em engenharia e metalurgica ltda,paraná,1-10,
brazil,,7iwMEgx29NV4qNT9lYWG8AfnJYeD,construction,linkedin.com/company/stilos-eventos,ribeirao preto,stilos eventos,são paulo,1-10,stiloseventos.com.br
brazil,,CgB3XGl9r65cVdx4hydYtAwZKnsD,construction,linkedin.com/company/jarre-engenharia-e-construcao,caràzinho,jarre engenharia e construcao,rio grande do sul,11-50,jarre.com.br
brazil,,HobQEmE7rCOsHNucSrU0XwSkfoMP,construction,linkedin.com/company/hermom-reformas,são vicente,hermom reformas,são paulo,1-10,hermom-reformas.negocio.site
brazil,,fst2y0ocllt0tza8MBuC7QcrhDCL,construction,linkedin.com/company/gelo-pinguim,jundiaí,gelo pinguim,são paulo,1-10,gelopinguim.com.br
brazil,,56QiScVoX17EtBUGjM0eFArpGhT7,construction,linkedin.com/company/ilheus-norte-hotel-residence-spe,vitória da conquista,ilheus norte hotel residence spe,bahia,1-10,inhresidence.com.br
brazil,2009,RB0JeYCXfBPqTxRyVymp8Q0uaKFp,construction,linkedin.com/company/construtorabacaba,barueri,construtora bacaba,são paulo,11-50,construtorabacaba.com.br
brazil,,4i2d0g1FDMiNYK8S7dVNRwogLA8j,construction,linkedin.com/company/rg-construções-e-reformas,campos,rg construções e reformas,rio de janeiro,1-10,rg-construcoes-e-reformas.ueniweb.com
brazil,,JF4pLE7RdcZIBmNmBZnU8QgX08SK,construction,linkedin.com/company/construtora-domus,balneário camboriú,construtora domus,santa catarina,1-10,construtoradomus.com.br
brazil,,CzyyixyftPFbUReBF7KzJgY4Wxkt,construction,linkedin.com/company/m&h-engenharia-elétrica,aracuí,m&h engenharia elétrica,espírito santo,1-10,mh-engenharia-eletrica.negocio.site
brazil,,H2mT9mZUsskk4H74JUBxXASA29Ro,construction,linkedin.com/company/construtora-turbomega-serviços-em-geral,rosário do sul,construtora turbomega serviços em geral,rio grande do sul,1-10,construtora-alvenaria-de-obra-servico-em-geral.ueniweb.com
brazil,2013,YHsmWCfteBRuUVRt2tzKMQVSZ9FE,construction,linkedin.com/company/sempre-serralheria,campinas,sempre serralheria,são paulo,11-50,sempreserralheria.com.br
brazil,2013,IJyaDmCxRks5Ncdb7M9z6gWS1251,construction,linkedin.com/company/es-pinturas,salvador,es pinturas,bahia,1-10,espinturas.com.br
brazil,,KBWfWGJqpXbpBiAybLTAmQEHu7Ag,construction,linkedin.com/company/eletricista-padrão-na-zona-leste-aggerez,,eletricista padrão na zona leste  aggerez,são paulo,1-10,aggerez.com.br
brazil,2012,UftBmXIK0abFtpCB3PxDngNyt8ms,construction,linkedin.com/company/wallbond-system,brás cubas,wallbond system,são paulo,1-10,wallbond.com.br
brazil,,OXFvVK7MVsKVClRw6mK70Qyq7GzA,construction,linkedin.com/company/gesso-piabanha,guarulhos,gesso piabanha,são paulo,1-10,gessopiabanha.com.br
brazil,,ePkS23CYgZOBqEcviwR2WQkHRpt3,construction,linkedin.com/company/elletrocenter-comercio-e-servicos,gravataí,elletrocenter comercio e servicos,rio grande do sul,11-50,elletrocenter.com.br
brazil,,QUcRGbrvvH8JxS5hqnGzPgUUW4UU,construction,linkedin.com/company/construtora-lego,curitiba,construtora lego,paraná,1-10,enerflex.com.br
brazil,2012,jcZB3x4ufUDqoSFuBOymwwb5LJCW,construction,linkedin.com/company/chacon-incorporadora,mogi das cruzes,chacon incorporadora,são paulo,1-10,b2stay.com.br
brazil,,9TnpimrTZzwbahBBxkfQRweFne1v,construction,linkedin.com/company/santa-rosa-empreendimentos,ibirité,santa rosa empreendimentos,minas gerais,11-50,santarosaltda.com.br
brazil,,LWvMT2D1SLTiqJeBXHV33gtmbTW9,construction,linkedin.com/company/construtoracontinentalsp,santa maria,construtora continental de são paulo,rio grande do sul,201-500,construtoracontinental.com
brazil,,qqsNKh6dSHQVHBTE830FtgX3yDZ9,construction,linkedin.com/company/we-engenharia,,we engenharia,são paulo,51-200,engenhariawe.com.br
brazil,,0cIJdyBS2wmSbq8JrkAWEwxYfybR,construction,linkedin.com/company/vr-serviços,tamarana,vr serviços,paraná,1-10,vr-servicos.ueniweb.com
brazil,,xEUc98f8hKgz3cw9lUc23wc6ZS2D,construction,linkedin.com/company/l-priori-industria-e-comercio,recife,l priori industria e comercio,pernambuco,201-500,lpriori.com.br
brazil,,TgGXBe52Ej0N4qBFrllz8QPNsXkc,construction,linkedin.com/company/tecnosul-telecom-e-informatica,são josé dos campos,tecnosul telecom e informatica,são paulo,1-10,tecnosultelecom.com.br
brazil,2011,kJc9GWuupdORG83t69eTAgjkjcIZ,construction,linkedin.com/company/fileng-engenharia,brasília,fileng engenharia,federal district,1-10,fileng.net
brazil,,U2QFceoakT9RwqMeQaPEqge3S2Xr,construction,linkedin.com/company/engicrel-ltda,brasília,engicrel ltda,federal district,51-200,engicrel.com.br
brazil,2020,pVTL22o4RtwgDnxyRBnIQQBD1CGB,construction,linkedin.com/company/gouv,belo horizonte,gouv projetos estruturais,minas gerais,1-10,gouvprojetosestruturais.com.br
brazil,1997,mqGfr030ZbyY25JMlxrxYwA1A0lg,construction,linkedin.com/company/premoldadosprogresso,santa juliana,premoldados progresso,minas gerais,1-10,cartaodevisitasvirtual.com.br
brazil,,tVAkGYlXFQppIDm3Kf8F3AjJa0pR,construction,linkedin.com/company/construtora-meta,teresina,construtora meta,piauí,1-10,construtorameta.com.br
brazil,,eeDDfJ0n9TEDuuVeONGZfQgUasrQ,construction,linkedin.com/company/carlos-refrigeração,riacho da cruz,carlos refrigeração,rio grande do norte,1-10,carlosrefrigeracao.negocio.site
brazil,,MelG3GewJqspCkiODhNmBwCgKefH,construction,linkedin.com/company/munhoz-instalacoes,sorocaba,munhoz instalacoes,são paulo,1-10,
brazil,,8phtpK1BTL1uCMbCk9YmSg8LhiJA,construction,linkedin.com/company/climart---refrigeração,nilópolis,climart - refrigeração,goiás,1-10,
brazil,,mPGipczR4qGlngUYTkmfLQaR05DA,construction,linkedin.com/company/heics-automacao,florianópolis,heics automacao,santa catarina,1-10,heics.com.br
brazil,,IHjEJpI4CKnF50tyuZ9ChwVMRkUW,construction,linkedin.com/company/ag-coberturas-e-toldos,farroupilha,ag coberturas e toldos,rio grande do sul,1-10,agcoberturasetoldos.com.br
brazil,1999,C9zVM8BzTQCNK6jUwjuSaALGFZgd,construction,linkedin.com/company/carelli-construtora,balneário camboriú,carelli,santa catarina,201-500,carellipropriedades.com.br
brazil,,Ui0JveQgNC1oucHI4qrDMQNZwsAT,construction,linkedin.com/company/pedreiro-bauru,vista alegre,pedreiro bauru,rio grande do sul,1-10,pedreirobauru.com.br
brazil,,Tct7WvDah9ZPBWU8WZzRMALA4Fyy,construction,linkedin.com/company/ingá-calhas,maringá,ingá calhas,paraná,1-10,inga-calhas.negocio.site
brazil,,P4XMUN8QBnPWBOIPS9FrkgOVtF02,construction,linkedin.com/company/mc-tornearia,florianópolis,mc tornearia,santa catarina,1-10,mc-tornearia.negocio.site
brazil,,x5N0T7nAnxe2IFsqxSDUCQ4WsLK4,construction,linkedin.com/company/thermo-engenharia-de-ar-condicionado,são mateus do sul,thermo engenharia de ar condicionado,paraná,1-10,engemaster.com.br
brazil,,ot5qJ7ak95xHC2LB7xnzDwGWbrH1,construction,linkedin.com/company/m-&-c---instalacoes-eletricas-hidraulicas-e-informatica,jundiaí,"m & c - instalacoes eletricas, hidraulicas e informatica",são paulo,1-10,mecinstalacoes.com.br
brazil,,nxKiVMcAhf6cZ9G2RuyiZAc5lNLm,construction,linkedin.com/company/calhatiba---calhas-e-telhados,curitiba,calhatiba - calhas e telhados,paraná,1-10,calhatiba.com.br
brazil,1999,BU4p7p3CJq3TO5ZShU9A3AwXwAfP,construction,linkedin.com/company/progás,salvador,progás,bahia,51-200,progasba.com.br
brazil,,cuURVdLzLQU9aQ7QJXsWTQLvIb6v,construction,linkedin.com/company/construtora-montreal,natal,construtora montreal,rio grande do norte,51-200,construtoramontreal.com.br
brazil,,8UGKC48GtudULCbmC1i0lQRVelZ0,construction,linkedin.com/company/jat-construções,são caetano,jat construções,mato grosso do sul,1-10,jatconstrucoes.com.br
brazil,,PybKv2wZf9BsQCoCkv70CgrezSAA,construction,linkedin.com/company/segeo,rio de janeiro,segeo,rio de janeiro,51-200,
brazil,1990,kcMMiB4Jq0CCjBRCdsmB7AKC9mma,construction,linkedin.com/company/bh-portões-cia,belo horizonte,bh portões & cia,minas gerais,1-10,bhportoes.com.br
brazil,,31CoovwmlChaJBxj1jDBKAheM0tI,construction,linkedin.com/company/cemo-construtora-empreiteira-de-mão-de-obra,paranavaí,cemo-construtora empreiteira de mão-de-obra,paraná,1-10,fundalq.com.br
brazil,,bMLsCnolW9tNYEW9yPGmvAAYICgR,construction,linkedin.com/company/wr-engenharia-ltda-,,wr engenharia ltda.,,1-10,
brazil,,EXWZEDG7ZmNZZBMB2qr4dgRqscPy,construction,linkedin.com/company/central-da-construção-amapá,macapá,central da construção amapá,amapá,51-200,
brazil,,4fz6i137vY2wi52yM1pSuAy8KrQp,construction,linkedin.com/company/jrz-construções-e-reformas-em-geral.,duque de caxias,jrz construções e reformas em geral.,bahia,1-10,jrz-construcoes-e-reformas-em-geral.negocio.site
brazil,2015,8CxMih9AKnqcu8HvrxFNuQmU2aec,construction,linkedin.com/company/arkeeng,,arkeeng,,11-50,
brazil,,FrdnW3Co4IxiJnqxrhYgSgzDK0Tl,construction,linkedin.com/company/as-telhados,florianópolis,as telhados,santa catarina,1-10,astelhados.com
brazil,2014,vCj8AryprgkxBh7YxQxWbAgreTqQ,construction,linkedin.com/company/ftemper-alumínio-e-componentes,caxias do sul,ftemper alumínio e componentes,rio grande do sul,11-50,
brazil,2014,YlUUvOELYvzaB4T5kiB02QyV8Txa,construction,linkedin.com/company/centra-engenharia,brasília,centra engenharia,federal district,51-200,centraengenharia.com
brazil,,t2UFBeoeKVBbvvApSZrLLAmnJ6Df,construction,linkedin.com/company/artica-refrigeração,rio claro,artica refrigeração,são paulo,1-10,
brazil,,u428noCCX4YwnNp4GG4lygtLScEJ,construction,linkedin.com/company/split-center,,split center,ceará,1-10,splitcenter.negocio.site
brazil,,xO0JHxOFIh6vCrtEMyd8BgS9DuUX,construction,linkedin.com/company/campos-instalações-elétricas-e-segurança-eletrônica,bauru,campos instalações elétricas e segurança eletrônica,são paulo,1-10,campos-instalacoes-eletricas-e-seguranca-eletronica.negocio.site
brazil,,oxVdF6hxAu8Ye3FZlLkg8AKqLprv,construction,linkedin.com/company/persipisodecor,,persipisodecor,,1-10,
brazil,1984,gl1fuqCNW2xkW2Qld4rt3Q6qqsPF,construction,linkedin.com/company/trater-mineração-e-construção-pesada,itabirito,trater,minas gerais,11-50,trater.com.br
brazil,,r7PXdXCFFeWrPpWYyTvEag51jdQ7,construction,linkedin.com/company/plenitude-montagens-especiais,cosmópolis,plenitude montagens especiais,são paulo,11-50,plenitudemontagens.com.br
brazil,,9rwHRsPCjB3Vk4r0TJxkUQvjj8lk,construction,linkedin.com/company/propred-construtora-e-incorporadora,,propred construtora e incorporadora,são paulo,1-10,propred.com
brazil,,IC7yOsQVsIBTRlOuXsrAlwcBZgMm,construction,linkedin.com/company/rms-sistemas-de-energia-e-informatica,campo bom,rms sistemas de energia e informatica,rio grande do sul,1-10,rmsenergia.com.br
brazil,,Dg3HvVtswsoiMLyOc92H5AOk5T1p,construction,linkedin.com/company/aro-engenharia,brasília,aro engenharia,federal district,51-200,aroengenharia.com.br
brazil,,hDmBCcKusWRB2CNy2koDbAHwMwi1,construction,linkedin.com/company/familia-paulista-crédito-imobiliário-s-a,,familia paulista crédito imobiliário s/a,,1-10,familiapaulista.com.br
brazil,2004,vhqU1j1bGMJ1CqCvjSjwFgNdeGDD,construction,linkedin.com/company/construtora-ribeiro-e-ribeiro,uberaba,construtora ribeiro e ribeiro,minas gerais,11-50,ribeiroeribeiro.com.br
brazil,,xkUmjtC6CN3OCsqRLAMbCw64K5tm,construction,linkedin.com/company/emag-comércio-serviços-de-eletricidade-e-ltda,rio de janeiro,emag serviços de eletricidade e soluções,rio de janeiro,1-10,
brazil,,M7c7fWVIusARDzRyD44sXw1zAFKI,construction,linkedin.com/company/triplice-construcoes-e-incoporacoes,basílio,triplice construcoes e incoporacoes,rio grande do sul,1-10,mmmoveisedecoracao.com.br
brazil,,aWhEwB2UUdFST7ooGk7qfAr2YPmT,construction,linkedin.com/company/construtora-cbc-paulista,piracicaba,construtora cbc paulista,são paulo,11-50,cbcpaulista.com.br
brazil,1984,27tBTiBfpjb3bENTBmnumAGolxK3,construction,linkedin.com/company/panda-engenharia-e-construção,belo horizonte,panda engenharia e construção,minas gerais,201-500,pandaec.com.br
brazil,2020,4Ohy5LmfuBovEnLjobFBEgbahjPk,construction,linkedin.com/company/jequitibá-construtora,salvador,jequitibá construtora,bahia,11-50,jequitibaconstrutora.com.br
brazil,,IkZ1Lkx93UpMp8xlTBiaPgp2UvrR,construction,linkedin.com/company/câmara-municipal-de-brejão---pe,brejão,câmara municipal de brejão - pe,pernambuco,1-10,camarabrejao.pe.gov.br
brazil,,j1q5qL7vyzMuyQ3z56txEQh8O9Jm,construction,linkedin.com/company/realiza-construtora,uberlândia,realiza construtora,minas gerais,51-200,realizaconstrutora.com.br
brazil,1988,DOyyW6dsvUmmgYx4ezLz5gvz26S6,construction,linkedin.com/company/amgeng,serra,amg engenharia ltda,espírito santo,51-200,
brazil,2008,OCZUFHTshAYv3yYKiWFZFw3EJO7B,construction,linkedin.com/company/novo-rumo,passos,novo rumo,minas gerais,1-10,areianovorumo.com.br
brazil,,aX3cqBnS17lEIGJ0J40LVAwDQHrw,construction,linkedin.com/company/al-forros-e-acabamentos,bauru,al forros e acabamentos,são paulo,1-10,alforroseacabamentos.com.br
brazil,,6axCsRhGsUjS34mfoTbtDwjN5CWe,construction,linkedin.com/company/mercadinho-são-joão,tupanatinga,mercadinho são joão,pernambuco,1-10,mercadinho-saojoao.negocio.site
brazil,,mPlqiKdAnk8n1zHz952cZgZoHhbd,construction,linkedin.com/company/silviserv-conservação-e-manutenção,itabirito,silviserv conservação e manutenção,minas gerais,1-10,silviserv-conservacao-e-manutencao.negocio.site
brazil,,qHqeYZPUgfGWU3BBtWUXiA8gcGqZ,construction,linkedin.com/company/centroaço-industria-e-comercio-de-aço-ltda,sinop,centroaço industria e comercio de aço ltda,mato grosso,1-10,centroaco.com.br
brazil,2012,ygbwNNZfGCRM9mJoyGzWZAajAhUz,construction,linkedin.com/company/chpatti,,chpatti reforma & construção,são paulo,1-10,chpatti.com.br
brazil,,kqCBFMslHs0iEjqWkuXbfgQulaK3,construction,linkedin.com/company/stis---solucoes-tecnicas-de-impermeabilizacoes-e-revestimentos,aracuí,stis - solucoes tecnicas de impermeabilizacoes e revestimentos,espírito santo,1-10,stis.com.br
brazil,2017,CwBTyFc779nbGvyfd2UQ7ghVE1TI,construction,linkedin.com/company/innova-energy-geracao-solar,uberaba,innova energy,minas gerais,51-200,innova-energy.com.br
brazil,,2BNBBntDPuKeBUQlz86d8AKKAV1X,construction,linkedin.com/company/laydner-engenharia-&-construção,porto alegre,laydner engenharia & construção,rio grande do sul,1-10,laydner.eng.br
brazil,,g6pFJctVBdCuPXWZJe5REAMCp50O,construction,linkedin.com/company/galli-serviços,,galli serviços,,1-10,galliservicos.com.br
brazil,2012,NTrQHCFGifIGu5IKqiGzdg9ShZjF,construction,linkedin.com/company/gpeprime,brasília,gpe prime - incorporadora e construtora,federal district,51-200,gpeprime.com.br
brazil,,vp3acfrE3vWBDndtQOnB9wVSA4dg,construction,linkedin.com/company/cooplagos,maricá,cooplagos,rio de janeiro,11-50,cooplagos.com.br
brazil,,CcBBgjKGm9GCsscwljkxAwPaMG5c,construction,linkedin.com/company/aleixo-construtora,cariacica,aleixo construtora,espírito santo,1-10,aleixoconstrutora.com.br
brazil,,LeWkMhKH8SBe01zhZpAdxAfdxZ0U,construction,linkedin.com/company/jundlajes,paulo,jundlajes,amapá,11-50,jundlajes.com.br
brazil,,C64AAh54dHOCBWpuHUxEuwBcaNju,construction,linkedin.com/company/vale-construtora-e-imobiliária,rondonópolis,vale construtora e imobiliária,mato grosso,1-10,valeconstrutoraimobiliaria.com.br
brazil,,W23HiRCdczURSx6WBm0GDAFvCmmB,construction,linkedin.com/company/opa-serviços,,opa serviços,são paulo,1-10,opaservicos.com.br
brazil,,Wlk9u5v6ecflt2MUyQnKNQO5fYPC,construction,linkedin.com/company/engemaxx-pinturas,santo antônio do jardim,engemaxx pinturas,são paulo,1-10,engemaxxpinturas.com.br
brazil,2004,wfzRXS4Dix5FmaP7D3KY0w3DYW88,construction,linkedin.com/company/iguianchieta,são bernardo do campo,igui anchieta sbc,são paulo,1-10,
brazil,,EfvXBgEvNmnWhCMQLwOinAcIqMKA,construction,linkedin.com/company/star-telhas,salto,star telhas,são paulo,1-10,startelhas.com
brazil,,5lLF0JC5TtWDscNOYJYKEAsCee3g,construction,linkedin.com/company/construsul-ar-condicionado-porto-alegre,porto alegre,construsul ar condicionado porto alegre,rio grande do sul,1-10,construsularcondicionadoportoalegre.com
brazil,,3Ogp1OSSgCsfkSkhBLhSHgsy5ZXB,construction,linkedin.com/company/estael-construcoes-e-reformas,fortaleza,estael construcoes e reformas,ceará,1-10,estael.com.br
brazil,2009,hGMOV44AizCiuARlAHo8IgJbQ7Rq,construction,linkedin.com/company/tst-assessoria-treinamentos,ribeirão pires,tst assessoria & treinamentos,são paulo,1-10,
brazil,2014,pF3B8c6V3EmGYqOT4H2dnAjziWla,construction,linkedin.com/company/ottos-empreendimento,visconde do rio branco,ottos empreendimentos,minas gerais,51-200,ottosempreendimentos.com
brazil,,r17jMplJ5sl9KmGar6TLPwIuzrdz,construction,linkedin.com/company/de-loja-em-loja,goiania,de loja em loja,goiás,1-10,delojaemloja.com.br
brazil,,2TBQPwIlsNKr5T0QGJ6sUQgJAGb5,construction,linkedin.com/company/instale-drywall-&-gesso,pôrto velho,instale drywall & gesso,são paulo,1-10,instale-drywall-gesso.negocio.site
brazil,,guuBgtcxtWv4wtem467WEQHGXbSN,construction,linkedin.com/company/encerro,ribeirao preto,encerro,são paulo,1-10,encerro.com
brazil,1987,M0khpSDp0Cgbe20PPBBD6wTB6Vru,construction,linkedin.com/company/alfalume,guarulhos,alfalume,são paulo,11-50,alfalume.com.br
brazil,2018,19tlRet17JTMBobGRrs3Wwft6UUm,construction,linkedin.com/company/rams-participações-s-a,fortaleza,rams participações s/a,ceará,201-500,
brazil,,7loSX88L9ryAH5LUZNuG8g1SnkEe,construction,linkedin.com/company/fatsul---sistemas-eletricos,garibaldi,fatsul - sistemas eletricos,rio grande do sul,1-10,fatsul.com.br
brazil,2015,VSw9v8k1wFJAoPvC1XzpLQwYWB2o,construction,linkedin.com/company/wqueirozengenharia,macaé,wqueiroz engenharia,rio de janeiro,11-50,wqueirozengenharia.com
brazil,1990,CvNo3cXYw6DNTdRlR0i7Fw0cWkZI,construction,linkedin.com/company/gpl-incorporadora,goiania,gpl incorporadora,goiás,201-500,gplincorporadora.com.br
brazil,,8oBiCIt4pWRJtPNagbHW2Q2VvUhu,construction,linkedin.com/company/weffort-construções,maringá,weffort construções,paraná,1-10,weffortconstrucoes.com.br
brazil,2013,lOJHPL38tSIrlZkBljmkmges2FHg,construction,linkedin.com/company/ebenezerconstrutora,caraguatatuba,ebenezer empreendimento imobiliários,são paulo,51-200,ebenezerconstrutora.com.br
brazil,,PF5pqmBPCBhiI76B4WIQ3w4Kw1pu,construction,linkedin.com/company/tfk---ar-condicionado,sao paulo,tfk - ar condicionado,são paulo,1-10,tfkarcondicionado.com.br
brazil,,tpasmGIhVNbFpYhzjCfWGAC4yIWu,construction,linkedin.com/company/agcon-engenharia,araraquara,agcon engenharia,são paulo,1-10,agconengenharia.com
brazil,,GPswTBQMpBSBpbCFlsa1yA39vR9a,construction,linkedin.com/company/ferramentas-de-ouro,são josé dos campos,ferramentas de ouro,são paulo,1-10,ferramentasdeouro.ind.br
brazil,,2yWr7Zj6zHec5ClKawPCiQPwYYca,construction,linkedin.com/company/premenge-engenharia,brasília,premenge engenharia,federal district,1-10,premenge.com.br
brazil,,Kd2L4yQuSisc7sCp5ZHteAsF8ZeZ,construction,linkedin.com/company/siderall-estuturas-metálicas-e-serralheria,ibirama,siderall estuturas metálicas e serralheria,santa catarina,1-10,siderall.webnode.com
brazil,,3KlAm1e91OFD1OCsBAUpnAYFJ6UE,construction,linkedin.com/company/pinturas-isocor,sao paulo,pinturas isocor,são paulo,11-50,pinturasisocor.com.br
brazil,,vWRpHpfYjLirUoy5oyDWCQVY5gpn,construction,linkedin.com/company/bessa-oliveira-construtora-ltda,belo horizonte,bessa oliveira construtora ltda,minas gerais,1-10,bessaoliveiraconstrutora.com.br
brazil,,SLYq7FdY8sHCfqKJ9IaYxQH93ZJk,construction,linkedin.com/company/forte-construtora,naviraí,forte construtora,mato grosso do sul,11-50,
brazil,,bthVCBknqdFYqUjyUNDGAwU4iHzl,construction,linkedin.com/company/seroa-construtora,brasília,seroa construtora,federal district,201-500,seroaconstrutora.com.br
brazil,,HDDcfKFkNwCWebn7tZvXBAPSQDLy,construction,linkedin.com/company/tecnoar-instalação-e-manutenção-de-ar-condicionado,maringá,tecnoar instalação e manutenção de ar condicionado,paraná,1-10,tecnoar.eng.br
brazil,,muHYYPqNIUYqSu6xnaYtjQFNSAPo,construction,linkedin.com/company/decorpoint,caxias do sul,decorpoint,rio grande do sul,1-10,
brazil,2000,FET9BCmdSVGc88GxpvNzJAzjCxM4,construction,linkedin.com/company/construtora-brascasa,ipatinga,construtora brascasa ltda,minas gerais,1-10,brascasa.com.br
brazil,,XMWeBNCywhGBdwep7lo44AwpLSC7,construction,linkedin.com/company/finish-design,belo horizonte,finish design,minas gerais,1-10,
brazil,2021,BYGRg78Bb5zzgqn9o1ZySwZcZjIb,construction,linkedin.com/company/tecnitork,campinas,tecnitork,são paulo,11-50,tecnitork.com.br
brazil,,k7IlC2VgOYpuddMeWR2h6g5RzMCO,construction,linkedin.com/company/ivi-rio-prestadora-de-servicos,nova iguaçu,ivi rio prestadora de servicos,rio de janeiro,1-10,ivirio.com.br
brazil,2012,HYZvp2bVDGzjEcCpIIs19ADOPYG7,construction,linkedin.com/company/construtora-meridiano,nilo peçanha,construtora meridiano,rio de janeiro,1-10,construtorameridiano.com.br
brazil,,Fgi8sloCVr4a0js8ZOjAgQnV5MBD,construction,linkedin.com/company/prime-pint,teresópolis,prime pint,rio de janeiro,1-10,phelipe-equipe.negocio.site
brazil,,xlN5hurYhMieKCBCRrnTzg0RmE5F,construction,linkedin.com/company/atria-empreendimentos-e-incorporacao,barueri,atria empreendimentos e incorporacao,são paulo,1-10,atriaconstrutora.com.br
brazil,,1UL59Vfm6MDxr8rNh3v9sAd5CNeY,construction,linkedin.com/company/wn-construtora,sao paulo,wn construtora,são paulo,11-50,wnconstrutora.com.br
brazil,,hJYhN8P9iBqEvphDEJ8S0gxxa5Gs,construction,linkedin.com/company/equipe-bombas-poços-artesianos,americana,equipe bombas poços artesianos,são paulo,11-50,equipebombaspocos.com.br
brazil,2021,XbLl5B600H9ven8B3N1gzQwjl4TR,construction,linkedin.com/company/bazilio-engenharia,atibaia,bazilio engenharia,são paulo,1-10,
brazil,1960,SYMrh8Xp5cm5UkBiwVx7zwaCaP8l,construction,linkedin.com/company/sondeqind,americana,sondeq,são paulo,51-200,sondeq.com.br
brazil,,WSgcgMHgKz2umzqfd9DRfATmslUu,construction,linkedin.com/company/mecol-montagens-eletromecanicas-condor,jataí,mecol montagens eletromecanicas condor,goiás,1-10,
brazil,,PIUV7RiT5mglWfjqxPmvVAhAwg5f,construction,linkedin.com/company/ir-construção-civil,ponta grossa,ir construção civil,paraná,1-10,ir-construcao-civil.negocio.site
brazil,,CCfJtW41nDzAXasTKJBUigsPLvof,construction,linkedin.com/company/unizza-climatização-e-elétrica,niterói,unizza climatização e elétrica,rio de janeiro,1-10,unizza.com.br
brazil,,6XRZcwKLxBHYEQDIhDvCOQxSBonR,construction,linkedin.com/company/construtora-lima-&-wanderley,joão pessoa,construtora lima & wanderley,paraíba,1-10,limaewanderley.com.br
brazil,2008,oDq3XmJficbfxryBeAhoxgCL08O2,construction,linkedin.com/company/construtora-acpo-ltda,pelotas,construtora acpo ltda,rio grande do sul,51-200,construtoraacpo.com.br
brazil,2012,5vCULQcn6GurvIj9qCAk3w7XkQoT,construction,linkedin.com/company/construtora-alfa-epp,boca da mata,construtora alfa epp,alagoas,11-50,
brazil,2017,EvFMJsyfXte0Vx3SmJrvGQni4MRM,construction,linkedin.com/company/vautec-engenharia-e-construção,marabá,vautec engenharia e serviços,pará,1-10,facebook.com/pg/vautecengenharia/about
brazil,,hVf3exLzBkDmBvTgJGv62wKs0XZD,construction,linkedin.com/company/agua-sondas-pocos-artesianos,diadema,agua sondas pocos artesianos,são paulo,1-10,aguasondas.com.br
brazil,,7uN5FrePGBaI1ykb8NfmaQYQaFo6,construction,linkedin.com/company/vertis-empreendimentos-imobiliarios,recife,vertis empreendimentos imobiliarios,pernambuco,51-200,vertisconstrucoes.com.br
brazil,2007,avbEi8Qbj8Bxw7Q7qVKj0QC7zB0W,construction,linkedin.com/company/nbs-componentes-em-alumínio,barra velha,nbs componentes em alumínio,santa catarina,11-50,nbsaluminio.com.br
brazil,,D0vzUY4C1assq9y7GHJMMw4TXg0O,construction,linkedin.com/company/incolajes-pré-moldados,eunápolis,incolajes pré-moldados,bahia,51-200,
brazil,,mT2uoBBHdFSDW8gXnIeJXwWmXHQU,construction,linkedin.com/company/lance-construtora,castelo,lance construtora,espírito santo,1-10,lanceltda.com
brazil,,5DHpUJdWAyURVEV64GJcswnCOps8,construction,linkedin.com/company/mega-empreiteira,diadema,mega empreiteira,são paulo,1-10,mega-empreiteira.webnode.com
brazil,,s5kafXff6Pqthgtlsj3PkgQS6B7F,construction,linkedin.com/company/almeida-sirtoli,quadra,almeida sirtoli,rio grande do norte,1-10,aesfabrica.com.br
brazil,,OzCNWlTBqDEVpipBIdGp3Quw0y2J,construction,linkedin.com/company/josé-aparecido-construções,cândido rodrigues,josé aparecido construções,são paulo,1-10,jose-aparecido-construcoes.negocio.site
brazil,,B7VK2lN9aJvmf2e6siWX9Q0x4MVN,construction,linkedin.com/company/visual-pinturas,jaraguá,visual pinturas,mato grosso do sul,1-10,visualpinturass.negocio.site
brazil,,Lia5w9r8GFJQv7zgyfj77gjL6Ucj,construction,linkedin.com/company/confraria-mm-pisos-e-revestimentos,sao paulo,confraria mm pisos e revestimentos,são paulo,1-10,
brazil,,maBMfuxTyMZVkGBFexVgvAY8qwSN,construction,linkedin.com/company/hr2-engenharia,belo horizonte,hr2 engenharia,minas gerais,1-10,hr2engenharia.com.br
brazil,,TCHocK3FRWu9Iy5I5knC2QHRKyLA,construction,linkedin.com/company/hagap-instalacoes-eletricas,umuarama,hagap instalacoes eletricas,paraná,51-200,hagap.com.br
brazil,2018,5yhdOCTovQN1wk4dnf425gU0dz5W,construction,linkedin.com/company/nexteng-brasil,,nexteng brasil,rio de janeiro,1-10,nextengbrasil.com
brazil,,aGyJkCqVL0wcrawRhw5ShQ0UxEa6,construction,linkedin.com/company/construtora-credbens,são josé,construtora credbens,santa catarina,51-200,
brazil,,qk04P89B4Apyk3PnClp2ewuewbCn,construction,linkedin.com/company/casa-bonita-cortinas-e-persianas,capão da canoa,casa bonita cortinas e persianas,rio grande do sul,1-10,casabonitapersianas.com.br
brazil,,UZ8wNMqQVBQ286fQ14UDrwGJywQR,construction,linkedin.com/company/agf--engenharia-e-construcao,iacanga,agf- engenharia e construcao,são paulo,1-10,agfe.com.br
brazil,,mBDxlYS5xOTpWRieNgdMXAHLE8n1,construction,linkedin.com/company/cosenza-empreendimentos,porto belo,cosenza empreendimentos,santa catarina,1-10,cosenzaempreendimentos.com.br
brazil,2015,FQ0hUPSKTUiSAtVyaFssWQPkCbqB,construction,linkedin.com/company/paubrasil-construtora-eirele,recife,paubrasil construtora eirele,pernambuco,11-50,
brazil,,nTtSdRGRmwEdrfVsnLh2BQFACXCj,construction,linkedin.com/company/marcenaria-fênix,guaratinguetá,marcenaria fênix,são paulo,1-10,marcenariafenixguara.com
brazil,,ef3L7e9CTiOSmvAEB8j0GwYNr3S4,construction,linkedin.com/company/succespar-engenharia-ltda,sao paulo,succespar engenharia ltda,são paulo,11-50,
brazil,2018,3YxEwtRAJe8B1xVW48XQeQwKmF3J,construction,linkedin.com/company/colussi-engenharia,,colussi engenharia,rio de janeiro,1-10,colussiengenharia.com.br
brazil,,Fbhd3rCrXBBEnCIFWxeZFwCMK8hj,construction,linkedin.com/company/jlx-eletromecânica-ltda---me,campos dos goytacazes,jlx eletromecânica ltda - me,rio de janeiro,1-10,jlxeletromecanica.wix.com
brazil,1998,J56Zc2gu8iT9gzkaZBKxkAKv8a2e,construction,linkedin.com/company/crayon-engenharia-e-empreendimentos-s-a,campinas,crayon engenharia e empreendimentos s/a,são paulo,11-50,crayon-sa.com.br
brazil,,9XvoiRsyffBmwaJbQ5FC8Q2fUGzK,construction,linkedin.com/company/aeon-projetos,são paulo ii,aeon projetos,paraná,1-10,aeonprojetos.com.br
brazil,,ChIVgovoXn1C7Zc9QgAwRwOmh1Cu,construction,linkedin.com/company/m&m-calhas,araçatuba,m&m calhas,são paulo,1-10,rufosecalhas.com.br
brazil,2010,TQC7kAcA9ZdIYwI0pteRtwOIxcLV,construction,linkedin.com/company/sitech-brasil,barueri,sitech brasil - grupo sotreq,são paulo,51-200,sitechbr.com.br
brazil,2014,HtXnvUZBiJ22bWdPWkHWjQqn6Awd,construction,linkedin.com/company/redeng,goiania,red engenharia,goiás,1-10,
brazil,2005,TBb9wTVnLjycjBafZN7Kvg7Qe6YK,construction,linkedin.com/company/mrcempreiteira,são miguel do iguaçu,mrc empreiteira,paraná,11-50,
brazil,,GV2iWb99EhNd3OC9BmMZigCy2jUx,construction,linkedin.com/company/engemaxima,juiz de fora,engemaxima,minas gerais,1-10,lab606.com.br
brazil,,SXyuXN8NV0NcyKmbvv0b4QMGu26W,construction,linkedin.com/company/2-irmãos-pinturas,mococa,2 irmãos pinturas,são paulo,1-10,2irmaospintura.com
brazil,,BnjYm6cUcBYffdB9fAeCDw0tIRcL,construction,linkedin.com/company/d-sousa-planejados,luziânia,d sousa planejados,goiás,1-10,dsousaplanejados.com
brazil,2006,Q0kWjAABsFATsROzlRgWPAPJaLAt,construction,linkedin.com/company/allure-floors-43-99800-9825,londrina,allure floors,paraná,1-10,allurefloors.com.br
brazil,,CLktWkd5hUKh3CClKgldBgIb6jmj,construction,linkedin.com/company/montsp-prestacao-de-servicos,embu,montsp prestacao de servicos,são paulo,11-50,
brazil,2017,Z7LwY1WczQEO9rtSxlsJZgF7cTXu,construction,linkedin.com/company/nordttecengenharia,fortaleza,nordttec engenharia,ceará,11-50,
brazil,1995,dLDOjgn40PGLR4KWzucQYgokTmEq,construction,linkedin.com/company/alkim-italit,jundiaí,alkim-italit,são paulo,51-200,
brazil,,WKzGbslHC6TyggbCjCDYBQ73zen1,construction,linkedin.com/company/araki-engenharia,jundiaí,araki engenharia,são paulo,1-10,arakiengenharia.com.br
brazil,,aGGZ6VOXXGm5xQIxHWtgvgNvzH8e,construction,linkedin.com/company/dutar-refrigeração,são joão de meriti,dutar refrigeração,rio de janeiro,1-10,dutar.com.br
brazil,,GY95eb4ZX4thXDDgfSnVpQAr8xHa,construction,linkedin.com/company/rj.elétrica,vila progresso,rj.elétrica,paraná,1-10,rjeletrica.negocio.site
brazil,,HxVCoPTiidyLnZpyskY4Egy1CFPT,construction,linkedin.com/company/cia-da-elétrica-carpina,são sebastião da grama,cia da elétrica carpina,são paulo,1-10,cia-da-eletrica-pernambuco.negocio.site
brazil,,SxrcCBQDgBSAjoCZuCBmagNRlYR3,construction,linkedin.com/company/opinando,livramento de nossa senhora,opinando,bahia,1-10,opinando.com.br
brazil,,y0dfla6u2UBJvBpBrc8f2wwHThEr,construction,linkedin.com/company/branco-pinturas-em-geral,santo antônio do jardim,branco pinturas em geral,são paulo,1-10,brancopinturasemgeral.negocio.site
brazil,,KySGunZJs3ALXeIJTtY3rwQ2OkPv,construction,linkedin.com/company/foco-servicos-de-instalacao-e-manutencao-predial,betim,foco servicos de instalacao e manutencao predial,minas gerais,11-50,focoservicos.com.br
brazil,2013,0mF7q03EQVH2DikNPU08BQh0xfCJ,construction,linkedin.com/company/andradearcondicionado,barueri,andrade ar engenharia térmica,são paulo,11-50,andradear.com.br
brazil,,COAzyaihN5ZnpNPExrk7CAzhci37,construction,linkedin.com/company/fachada-alpinismo,rio de janeiro,fachada alpinismo,rio de janeiro,1-10,fachadaalpinismo.com.br
brazil,1998,q11AXTUxNQab9tBYFepArg2cnjge,construction,linkedin.com/company/innova-empreendimentos,carlos barbosa,innova empreendimentos,rio grande do sul,1-10,innovaempreendimentos.com.br
brazil,,X0HPRLtekf3EX49FlUCaCQ0PmIJc,construction,linkedin.com/company/frioterm-engenharia,rio de janeiro,frioterm engenharia,rio de janeiro,1-10,friotermrj.com.br
brazil,,0eH2TRqRk5lyyIFYqL36kwDYybQv,construction,linkedin.com/company/o-mestre-da-obra,,o mestre da obra,são paulo,1-10,mestredaobra.com
brazil,2019,AJGEC2ZDvIIz9EBDrjtq4gPBOupe,construction,linkedin.com/company/homrich-engenharia-rs,itapema,homrich engenharia,santa catarina,11-50,homrich.com.br
brazil,1998,UoUgg6aaRKNU5AfmD7ddSAFGzmb9,construction,linkedin.com/company/universo-equipamentos-e-produtos-ltda,canoas,universo equipamentos e produtos ltda,rio grande do sul,1-10,universo-equipamentos-e-produtos-ltda.business.site
brazil,,9HRIY9y9Br70opeCHcYg0Q1FAxlq,construction,linkedin.com/company/obramil-construções-e-reformas,casa nova,obramil construções e reformas,mato grosso do sul,1-10,obramil.com
brazil,,tAfJ0DOyR1ATzCe77Zwf5wMN7Qih,construction,linkedin.com/company/aps.instalaçao-e-manutençao-eletrica,itapipoca,aps.instalaçao e manutençao eletrica,ceará,1-10,apsinstalacao-e-manutencao.negocio.site
brazil,2010,G1glu4nOmj6YhAE4HB5gOgZoET10,construction,linkedin.com/company/construtora-ck,itajaí,construtora ck,santa catarina,51-200,
brazil,,0Rym0S1BYG14wK6cHSJfHAYhoVU0,construction,linkedin.com/company/concreto-prefabricado-industria-e-engenharia,duque de caxias,concreto prefabricado industria e engenharia,bahia,1-10,
brazil,,ORfmdCsUPLMq1I5zqZHMgAricj2u,construction,linkedin.com/company/proenerg-engenharia,cascavel,proenerg engenharia,paraná,11-50,
brazil,,yBhDjdvU9NOs34SeUUvnZgirjb5p,construction,linkedin.com/company/c-b-engenharia,balsas,c b engenharia,maranhão,51-200,cbengenharia.com.br
brazil,2022,AbQfKOCCZACDhchKu5UlggbIDybr,construction,linkedin.com/company/ultrapura-purifica-o,campo mourão,ultrapura purificação,paraná,1-10,ultrapura.com.br
brazil,1998,7a5gMaFDEivufDg9dY4TKAV6lMah,construction,linkedin.com/company/proeng-provazzi-engenharia,goiania,proeng construtech,goiás,1-10,proengconstrutech.com.br
brazil,,bdEznjpuKp6zgRjDsTaJ7QgS0h9t,construction,linkedin.com/company/alr-empreiteira,caieiras,alr empreiteira,são paulo,11-50,alrengenharia.com.br
brazil,2008,ALs3RWqsSipkaBruk2frJwnfMn2e,construction,linkedin.com/company/pinheirão-madeiras,barueri,pinheirão madeiras,são paulo,1-10,pinheiraomadeiras.com
brazil,,uzvqSjB0lzvBdcBuX9CQZANCFUb7,construction,linkedin.com/company/golden-construtora-e-incorporadora,balneário camboriú,golden construtora e incorporadora,santa catarina,51-200,goldenconstrutora.com.br
brazil,1970,1cjBKMhyCroDmcxyOMAAUQguNl2H,construction,linkedin.com/company/samarmoresventuri,sao paulo,samármores venturi,são paulo,11-50,
brazil,,kS57lJ0t7z16UqPaWBCQZwKaiaps,construction,linkedin.com/company/stylflex---móveis-para-escritório,curitiba,stylflex - móveis para escritório,paraná,1-10,stylflex.com.br
brazil,,vSA9OuCj40LZzMjf5KVJewg4K1n8,construction,linkedin.com/company/piscinas-donatti,ribeirão das neves,piscinas donatti,minas gerais,1-10,piscinasdonatti.webnode.com
brazil,2005,rxmZM9uyoTKSiXWX20yhOA6yCIRF,construction,linkedin.com/company/antares-climatização,sítio otaviano de barros,antares climatização,são paulo,11-50,antaresclimatizacao.com.br
brazil,,GvSfCclvrmRivaCvOMBpoQbo9rqf,construction,linkedin.com/company/casa-de-carnes-e-mercado-lucas,são joaquim de bicas,casa de carnes e mercado lucas,minas gerais,1-10,casadecarnesemercadolucas.vitrinevirtual.net
brazil,,zGRFq7S63X3TFwBc5lhbegcrOXjl,construction,linkedin.com/company/confortclima---instalador-de-ar-condicionado-em-são-josé-sc-manutenção-higienização-instalação,são josé,confortclima - instalador de ar condicionado em são josé sc manutenção higienização instalação,santa catarina,1-10,confortclima-instalador-de-arcondicionado.negocio.site
brazil,,WBoM7tGXW8eJI33WpoqvogIx3B2a,construction,linkedin.com/company/rbr-servicos,pirapora do bom jesus,rbr servicos,são paulo,11-50,
brazil,2015,Dou4fvjWGczNACs4otyGyAkWPFh5,construction,linkedin.com/company/sette_automacao,igarapé,sette automação,minas gerais,11-50,setteautomacao.com.br
brazil,2014,SiPE4KM4L9OK1wt5QlPpbgN32crM,construction,linkedin.com/company/renova-serviços---construções-e-reformas-eireli,são bernardo do campo,renova serviços - construções e reformas eireli,são paulo,11-50,renovaservicos.com
brazil,,eV5yDC7VBBAMh1LgCKdq1gdUTy46,construction,linkedin.com/company/elfe-ar-condicionado,visconde,elfe ar condicionado,rio de janeiro,1-10,elfearcondicionado.com.br
brazil,1997,UHbYoA078H7hZwq8f2v0ewzzSzUP,construction,linkedin.com/company/reikienvidracamentos,balneário de camboriú,reiki,santa catarina,11-50,reikiamerica.com.br
brazil,,jmZSrUc5kckV4orCBZciPwxBSyUv,construction,linkedin.com/company/rocha-&-farias,campina,rocha & farias,rio grande do sul,1-10,rochaefarias.com.br
brazil,,Xbeo17f74pBWrVUqMN94agCH2IET,construction,linkedin.com/company/dcg-reforma-&-construção,campos dos goytacazes,dcg reforma & construção,rio de janeiro,1-10,dcgcampos.com.br
brazil,1986,axpflpPVbijstH3YEPzBUgL5UFAa,construction,linkedin.com/company/bolfe-engenharia-construções-e-empreendimentos,são miguel d’oeste,bolfe empreendimentos,santa catarina,51-200,bolfe.com.br
brazil,,nsx0nGrw4syxtZMG768zggmdKiNw,construction,linkedin.com/company/eletrica-mais,ipatinga,elétrica mais ltda.,minas gerais,11-50,eletricamais.com.br
brazil,,kEaA79C8oGnC0MXCx50DBQm68aYY,construction,linkedin.com/company/galpões-brasil,jundiaí,galpões brasil,são paulo,1-10,galpoesbrasil.com
brazil,,rRxCu5fknkBSMrajuvTM4wEpq11p,construction,linkedin.com/company/ladeira-multiservice-ltda,santa teresa,ladeira multiservice ltda,santa catarina,1-10,ladeira-multiservice-ltda.negocio.site
brazil,,zLxHUH9n2U5D0KFLw94BfAP4EziZ,construction,linkedin.com/company/construtora-coral,florianópolis,coral construtora,santa catarina,51-200,coralconstrutora.com.br
brazil,2014,5CfFJenllCxDB0Hc8R7BAwkunEbD,construction,linkedin.com/company/método-construções-planejadas,,ramper engenharia ltda.,santa catarina,1-10,ramperengenharia.com.br
brazil,,AhpxJmTHf9yBsBWxj7l6vQpGtzH4,construction,linkedin.com/company/moreira-engenharia-e-protensão,santarém,moreira engenharia e protensão,pará,1-10,
brazil,,HXFbiPoe6g2pfOkfkJX7SA9oD8TQ,construction,linkedin.com/company/construtora-j-freitas,formiga,construtora j freitas,minas gerais,51-200,jfreitas.com.br
brazil,,ak92oH8GRQWspOK1f42TvgxkEjI4,construction,linkedin.com/company/canaã-empreendimentos-rio-preto,são josé do norte,canaã empreendimentos rio preto,rio grande do sul,1-10,canaarp.com.br
brazil,,pT31uhD96KOR7jEwH3LkPAbsrLOU,construction,linkedin.com/company/vaneng-construcoes,,vaneng construcoes,são paulo,1-10,vaneng.com.br
brazil,,BH9Y18K5iXvk74gIx8dcAQcmc4xF,construction,linkedin.com/company/h&r-construtora-e-incorporadora,paragominas,h&r construtora e incorporadora,pará,1-10,herconstrutora.com.br
brazil,,hqoQ8x3vZ1LJCBu0FWS82QCyKIQm,construction,linkedin.com/company/orquin,rio de janeiro,orquin,rio de janeiro,11-50,orquin.com.br
brazil,1965,UEkEoY0fibvs9XANxCLljAhtjznb,construction,linkedin.com/company/edisondapocosartesianos,campinas,edisonda poços artesianos,são paulo,11-50,edisonda.com.br
brazil,,bBdRJkrg8f2DySNwpIep9wQ9nn4r,construction,linkedin.com/company/eleva-mais,porto velho,eleva mais,rondônia,1-10,elevamais.vitrinevirtual.net
brazil,,Zru0rXG94VGrWIgeMhW4IQs5OxU5,construction,linkedin.com/company/g-m-ar-condicionado,sapucaia,g m ar condicionado,rio grande do sul,1-10,gmarcondicionado.com.br
brazil,,WLSvi4ARQB8W4JqFYUj1TgVB494y,construction,linkedin.com/company/construtora-ribeiro,aratiba,construtora ribeiro,rio grande do sul,1-10,jovemapp.com.br
brazil,2019,4PhT9xXLEtyzsLqw5IVcxQixghn2,construction,linkedin.com/company/asbim,curitiba,asbim,paraná,11-50,asbim.com.br
brazil,,1AxoiSHJjk8jQEp07u4KbAXBDVch,construction,linkedin.com/company/stc-construtora,sinop,stc construtora,mato grosso,11-50,construtorastc.com.br
brazil,,dCdPMSz4KgniSkMntWFkYwW5FbGJ,construction,linkedin.com/company/mt2-engenharia-e-construcao,campinas,mt2 engenharia e construcao,são paulo,1-10,mt2engenharia.com.br
brazil,,Ei4RB5vzXYoYrc47a9fDbgVzQFfv,construction,linkedin.com/company/zucchetti-incorporações,nova bassano,zucchetti incorporações,rio grande do sul,1-10,zucchetti.eng.br
brazil,2018,sf3Klwz3BCwVaLN40OmBuQEP8A3w,construction,linkedin.com/company/efs-lift-solution,,efs lift solution instalações elétricas ltda,rio de janeiro,1-10,efsliftsolution.com.br
brazil,,CcH1if8QOQlmN06IYsJo0ADjqpTJ,construction,linkedin.com/company/hora-da-obra-engenharia-e-serviços-de-construções,cuiabá,hora da obra engenharia e serviços de construções,mato grosso,1-10,horadaobra.com.br
